Moneda,Pais,Compra,Venta,Fecha
Dollar,Venezuela,150.876,00000.000,2024-09-04 00:00:00
USD,Venezuela,150.593,151.015,2024-09-05 00:00:00
USD,Venezuela,150.186,150.363,2024-09-06 00:00:00
USD,Venezuela,149.477,150.016,2024-09-07 00:00:00
USD,Venezuela,153.213,153.375,2024-09-08 00:00:00
Dólares,Venezuela,154.756,155.362,2024-09-09 00:00:00
Dólares,Venezuela,153.848,154.086,2024-09-10 00:00:00
USD,Venezuela,155.099,155.340,2024-09-11 00:00:00
USD,Venezuela,155.604,155.962,2024-09-12 00:00:00
USD,Venezuela,151.170,151.454,2024-09-13 00:00:00
Dollar,Venezuela,148.874,149.153,2024-09-14 00:00:00
Dólares,Venezuela,149.559,149.873,2024-09-15 00:00:00
Dollar,Venezuela,152.885,153.130,2024-09-16 00:00:00
Dólares,Venezuela,152.295,152.683,2024-09-17 00:00:00
Dólares,Venezuela,151.030,151.457,2024-09-18 00:00:00
Dólares,Venezuela,151.381,151.610,2024-09-19 00:00:00
USD,Venezuela,149.902,150.360,2024-09-20 00:00:00
Dollar,Venezuela,149.300,149.647,2024-09-21 00:00:00
Dollar,Venezuela,149.361,149.526,2024-09-22 00:00:00
Dólares,Venezuela,146.798,147.347,2024-09-23 00:00:00
Dólares,Venezuela,148.743,149.031,2024-09-24 00:00:00
Dólares,Venezuela,145.973,146.348,2024-09-25 00:00:00
Dollar,Venezuela,142.969,143.529,2024-09-26 00:00:00
Dólares,Venezuela,143.433,143.911,2024-09-27 00:00:00
USD,Venezuela,145.171,145.355,2024-09-28 00:00:00
Dollar,Venezuela,145.521,145.752,2024-09-29 00:00:00
Dólares,Venezuela,145.226,145.541,2024-09-30 00:00:00
Dólares,Venezuela,144.596,144.859,2024-10-01 00:00:00
Dólares,Venezuela,143.595,143.860,2024-10-02 00:00:00
USD,Venezuela,145.814,146.198,2024-10-03 00:00:00
Dólares,Venezuela,146.626,146.806,2024-10-04 00:00:00
Dollar,Venezuela,145.580,146.157,2024-10-05 00:00:00
USD,Venezuela,144.314,144.461,2024-10-06 00:00:00
USD,Venezuela,145.461,145.963,2024-10-07 00:00:00
USD,Venezuela,147.721,148.211,2024-10-08 00:00:00
USD,Venezuela,149.941,150.124,2024-10-09 00:00:00
Dollar,Venezuela,147.878,148.410,2024-10-10 00:00:00
USD,Venezuela,147.245,147.668,2024-10-11 00:00:00
Dólares,Venezuela,146.256,146.539,2024-10-12 00:00:00
Dollar,Venezuela,145.845,146.134,2024-10-13 00:00:00
Dollar,Venezuela,147.498,148.039,2024-10-14 00:00:00
Dólares,Venezuela,Sin Dato,150.957,2024-10-15 00:00:00
USD,Venezuela,151.344,151.841,2024-10-16 00:00:00
Dólares,Venezuela,149.924,150.327,2024-10-17 00:00:00
Dólares,Venezuela,149.852,150.238,2024-10-18 00:00:00
USD,Venezuela,153.391,153.742,2024-10-19 00:00:00
Dólares,Venezuela,153.618,153.916,2024-10-20 00:00:00
Dollar,Venezuela,152.884,153.271,2024-10-21 00:00:00
Dollar,Venezuela,Sin Dato,152.743,2024-10-22 00:00:00
Dólares,Venezuela,153.140,153.641,2024-10-23 00:00:00
Dollar,Venezuela,151.243,151.817,2024-10-24 00:00:00
Dólares,Venezuela,150.132,150.647,2024-10-25 00:00:00
Dollar,Venezuela,152.195,152.715,2024-10-26 00:00:00
Dólares,Venezuela,153.087,153.326,2024-10-27 00:00:00
USD,Venezuela,153.167,153.692,2024-10-28 00:00:00
Dólares,Venezuela,155.372,155.946,2024-10-29 00:00:00
Dólares,Venezuela,153.890,154.149,2024-10-30 00:00:00
Dólares,Venezuela,153.088,153.437,2024-10-31 00:00:00
USD,Venezuela,153.865,154.022,2024-11-01 00:00:00
USD,Venezuela,154.350,154.742,2024-11-02 00:00:00
Dólares,Venezuela,151.162,00000.000,2024-11-03 00:00:00
USD,Venezuela,150.159,150.462,2024-11-04 00:00:00
USD,Venezuela,149.755,150.139,2024-11-05 00:00:00
Dólares,Venezuela,150.621,151.090,2024-11-06 00:00:00
Dólares,Venezuela,151.144,151.733,2024-11-07 00:00:00
Dollar,Venezuela,151.137,151.402,2024-11-08 00:00:00
USD,Venezuela,146.779,147.052,2024-11-09 00:00:00
Dollar,Venezuela,146.776,146.939,2024-11-10 00:00:00
Dólares,Venezuela,146.905,147.075,2024-11-11 00:00:00
USD,Venezuela,152.281,152.561,2024-11-12 00:00:00
USD,Venezuela,151.872,152.090,2024-11-13 00:00:00
Dollar,Venezuela,152.480,152.857,2024-11-14 00:00:00
Dollar,Venezuela,155.153,155.419,2024-11-15 00:00:00
Dollar,Venezuela,156.787,157.287,2024-11-16 00:00:00
USD,Venezuela,160.109,160.574,2024-11-17 00:00:00
USD,Venezuela,156.765,157.175,2024-11-18 00:00:00
USD,Venezuela,154.551,154.724,2024-11-19 00:00:00
USD,Venezuela,153.112,153.537,2024-11-20 00:00:00
USD,Venezuela,149.538,149.978,2024-11-21 00:00:00
Dollar,Venezuela,149.798,150.026,2024-11-22 00:00:00
Dollar,Venezuela,147.563,148.126,2024-11-23 00:00:00
Dólares,Venezuela,151.175,151.388,2024-11-24 00:00:00
USD,Venezuela,149.222,149.786,2024-11-25 00:00:00
Dólares,Venezuela,148.512,149.052,2024-11-26 00:00:00
Dollar,Venezuela,150.338,150.857,2024-11-27 00:00:00
Dólares,Venezuela,147.620,148.014,2024-11-28 00:00:00
USD,Venezuela,144.161,144.345,2024-11-29 00:00:00
USD,Venezuela,144.385,144.919,2024-11-30 00:00:00
USD,Venezuela,145.070,145.363,2024-12-01 00:00:00
Dólares,Venezuela,146.769,147.070,2024-12-02 00:00:00
Dólares,Venezuela,147.798,148.341,2024-12-03 00:00:00
Dólares,Venezuela,148.481,148.977,2024-12-04 00:00:00
USD,Venezuela,147.103,147.321,2024-12-05 00:00:00
Dollar,Venezuela,147.452,147.998,2024-12-06 00:00:00
Dollar,Venezuela,148.299,148.450,2024-12-07 00:00:00
USD,Venezuela,146.676,146.893,2024-12-08 00:00:00
Dólares,Venezuela,Sin Dato,151.115,2024-12-09 00:00:00
USD,Venezuela,151.838,152.092,2024-12-10 00:00:00
Dollar,Venezuela,149.595,149.891,2024-12-11 00:00:00
Dollar,Venezuela,151.266,151.756,2024-12-12 00:00:00
Dólares,Venezuela,153.472,153.929,2024-12-13 00:00:00
Dólares,Venezuela,154.443,154.861,2024-12-14 00:00:00
Dólares,Venezuela,153.945,154.221,2024-12-15 00:00:00
USD,Venezuela,152.209,152.473,2024-12-16 00:00:00
Dólares,Venezuela,151.885,152.444,2024-12-17 00:00:00
Dólares,Venezuela,152.722,153.165,2024-12-18 00:00:00
Dólares,Venezuela,152.764,153.182,2024-12-19 00:00:00
Dollar,Venezuela,156.115,156.502,2024-12-20 00:00:00
USD,Venezuela,157.630,157.921,2024-12-21 00:00:00
Dollar,Venezuela,155.663,155.830,2024-12-22 00:00:00
USD,Venezuela,152.952,153.538,2024-12-23 00:00:00
Dólares,Venezuela,154.056,154.652,2024-12-24 00:00:00
Dólares,Venezuela,153.756,153.917,2024-12-25 00:00:00
Dólares,Venezuela,Sin Dato,155.778,2024-12-26 00:00:00
Dollar,Venezuela,156.283,156.893,2024-12-27 00:00:00
USD,Venezuela,156.138,156.695,2024-12-28 00:00:00
USD,Venezuela,154.156,154.704,2024-12-29 00:00:00
USD,Venezuela,150.774,151.068,2024-12-30 00:00:00
Dólares,Venezuela,151.117,151.694,2024-12-31 00:00:00
Dólares,Venezuela,148.347,148.806,2025-01-01 00:00:00
USD,Venezuela,146.398,146.815,2025-01-02 00:00:00
USD,Venezuela,146.653,147.236,2025-01-03 00:00:00
Dólares,Venezuela,146.806,00000.000,2025-01-04 00:00:00
Dollar,Venezuela,144.319,144.784,2025-01-05 00:00:00
USD,Venezuela,146.747,147.053,2025-01-06 00:00:00
USD,Venezuela,149.082,149.362,2025-01-07 00:00:00
Dollar,Venezuela,150.104,150.646,2025-01-08 00:00:00
Dollar,Venezuela,151.250,151.817,2025-01-09 00:00:00
USD,Venezuela,152.445,152.964,2025-01-10 00:00:00
Dollar,Venezuela,161.291,161.768,2025-01-11 00:00:00
Dollar,Venezuela,163.540,164.141,2025-01-12 00:00:00
Dólares,Venezuela,165.275,165.608,2025-01-13 00:00:00
USD,Venezuela,163.300,163.747,2025-01-14 00:00:00
USD,Venezuela,162.853,163.033,2025-01-15 00:00:00
USD,Venezuela,168.443,168.757,2025-01-16 00:00:00
Dólares,Venezuela,163.651,164.105,2025-01-17 00:00:00
Dólares,Venezuela,162.605,162.830,2025-01-18 00:00:00
USD,Venezuela,165.163,165.588,2025-01-19 00:00:00
USD,Venezuela,163.367,163.836,2025-01-20 00:00:00
Dólares,Venezuela,165.165,165.373,2025-01-21 00:00:00
Dólares,Venezuela,165.165,165.599,2025-01-22 00:00:00
Dólares,Venezuela,163.527,164.004,2025-01-23 00:00:00
Dólares,Venezuela,158.522,159.060,2025-01-24 00:00:00
Dollar,Venezuela,159.091,159.379,2025-01-25 00:00:00
Dollar,Venezuela,157.257,157.427,2025-01-26 00:00:00
USD,Venezuela,156.766,157.377,2025-01-27 00:00:00
Dollar,Venezuela,158.085,158.437,2025-01-28 00:00:00
Dólares,Venezuela,160.194,160.438,2025-01-29 00:00:00
USD,Venezuela,158.963,159.385,2025-01-30 00:00:00
Dólares,Venezuela,157.366,157.862,2025-01-31 00:00:00
Dollar,Venezuela,154.334,154.932,2025-02-01 00:00:00
Dollar,Venezuela,156.510,157.014,2025-02-02 00:00:00
Dólares,Venezuela,161.570,161.935,2025-02-03 00:00:00
Dólares,Venezuela,164.114,164.401,2025-02-04 00:00:00
USD,Venezuela,167.292,167.466,2025-02-05 00:00:00
Dólares,Venezuela,165.490,165.714,2025-02-06 00:00:00
USD,Venezuela,166.503,166.906,2025-02-07 00:00:00
Dollar,Venezuela,Sin Dato,168.751,2025-02-08 00:00:00
Dollar,Venezuela,160.321,160.564,2025-02-09 00:00:00
USD,Venezuela,157.795,158.159,2025-02-10 00:00:00
Dollar,Venezuela,161.610,162.080,2025-02-11 00:00:00
USD,Venezuela,158.283,158.463,2025-02-12 00:00:00
USD,Venezuela,161.594,162.000,2025-02-13 00:00:00
Dólares,Venezuela,158.030,158.595,2025-02-14 00:00:00
USD,Venezuela,155.887,156.076,2025-02-15 00:00:00
USD,Venezuela,156.833,157.293,2025-02-16 00:00:00
Dólares,Venezuela,156.927,157.528,2025-02-17 00:00:00
Dollar,Venezuela,156.106,156.532,2025-02-18 00:00:00
Dólares,Venezuela,159.847,160.228,2025-02-19 00:00:00
Dollar,Venezuela,156.859,157.273,2025-02-20 00:00:00
Dollar,Venezuela,156.404,157.013,2025-02-21 00:00:00
Dólares,Venezuela,157.798,158.385,2025-02-22 00:00:00
Dollar,Venezuela,158.661,158.854,2025-02-23 00:00:00
USD,Venezuela,157.121,157.429,2025-02-24 00:00:00
Dollar,Venezuela,155.779,155.990,2025-02-25 00:00:00
USD,Venezuela,157.627,158.115,2025-02-26 00:00:00
USD,Venezuela,159.745,160.258,2025-02-27 00:00:00
Dollar,Venezuela,160.465,161.013,2025-02-28 00:00:00
USD,Venezuela,158.482,158.998,2025-03-01 00:00:00
Dólares,Venezuela,157.137,157.675,2025-03-02 00:00:00
Dólares,Venezuela,157.190,00000.000,2025-03-03 00:00:00
Dollar,Venezuela,157.371,00000.000,2025-03-04 00:00:00
Dollar,Venezuela,158.643,159.212,2025-03-05 00:00:00
Dólares,Venezuela,158.264,158.627,2025-03-06 00:00:00
Dollar,Venezuela,160.302,160.512,2025-03-07 00:00:00
Dollar,Venezuela,162.064,00000.000,2025-03-08 00:00:00
Dólares,Venezuela,165.382,165.706,2025-03-09 00:00:00
USD,Venezuela,165.291,165.901,2025-03-10 00:00:00
Dollar,Venezuela,166.081,166.722,2025-03-11 00:00:00
USD,Venezuela,165.851,166.302,2025-03-12 00:00:00
Dollar,Venezuela,163.884,164.192,2025-03-13 00:00:00
Dollar,Venezuela,169.019,169.355,2025-03-14 00:00:00
Dollar,Venezuela,171.835,172.416,2025-03-15 00:00:00
Dollar,Venezuela,173.876,174.463,2025-03-16 00:00:00
USD,Venezuela,174.036,174.240,2025-03-17 00:00:00
Dollar,Venezuela,171.567,172.022,2025-03-18 00:00:00
Dólares,Venezuela,174.128,174.486,2025-03-19 00:00:00
USD,Venezuela,173.805,174.040,2025-03-20 00:00:00
USD,Venezuela,174.750,00000.000,2025-03-21 00:00:00
USD,Venezuela,173.407,173.633,2025-03-22 00:00:00
Dólares,Venezuela,174.051,174.264,2025-03-23 00:00:00
Dólares,Venezuela,172.534,173.133,2025-03-24 00:00:00
USD,Venezuela,171.504,171.720,2025-03-25 00:00:00
Dollar,Venezuela,171.868,172.550,2025-03-26 00:00:00
Dollar,Venezuela,168.179,00000.000,2025-03-27 00:00:00
Dollar,Venezuela,164.595,165.229,2025-03-28 00:00:00
USD,Venezuela,162.863,163.407,2025-03-29 00:00:00
USD,Venezuela,162.395,162.830,2025-03-30 00:00:00
Dólares,Venezuela,164.595,164.814,2025-03-31 00:00:00
Dólares,Venezuela,164.106,164.513,2025-04-01 00:00:00
Dollar,Venezuela,164.168,164.360,2025-04-02 00:00:00
Dólares,Venezuela,163.442,163.663,2025-04-03 00:00:00
Dollar,Venezuela,164.078,164.610,2025-04-04 00:00:00
Dólares,Venezuela,162.082,162.528,2025-04-05 00:00:00
USD,Venezuela,161.890,162.191,2025-04-06 00:00:00
Dólares,Venezuela,162.723,163.310,2025-04-07 00:00:00
Dólares,Venezuela,163.465,163.664,2025-04-08 00:00:00
Dólares,Venezuela,163.378,163.813,2025-04-09 00:00:00
USD,Venezuela,163.419,163.892,2025-04-10 00:00:00
Dollar,Venezuela,164.624,165.133,2025-04-11 00:00:00
Dólares,Venezuela,169.969,170.438,2025-04-12 00:00:00
Dollar,Venezuela,167.933,168.556,2025-04-13 00:00:00
USD,Venezuela,173.611,173.930,2025-04-14 00:00:00
Dollar,Venezuela,171.529,171.798,2025-04-15 00:00:00
Dollar,Venezuela,165.966,166.423,2025-04-16 00:00:00
USD,Venezuela,164.782,164.986,2025-04-17 00:00:00
Dollar,Venezuela,165.569,165.889,2025-04-18 00:00:00
Dollar,Venezuela,170.100,170.687,2025-04-19 00:00:00
USD,Venezuela,167.783,168.411,2025-04-20 00:00:00
Dólares,Venezuela,169.044,169.631,2025-04-21 00:00:00
Dollar,Venezuela,165.669,166.299,2025-04-22 00:00:00
Dollar,Venezuela,170.237,170.851,2025-04-23 00:00:00
Dollar,Venezuela,173.217,173.905,2025-04-24 00:00:00
Dollar,Venezuela,172.215,172.465,2025-04-25 00:00:00
Dollar,Venezuela,167.583,168.239,2025-04-26 00:00:00
Dólares,Venezuela,171.019,171.623,2025-04-27 00:00:00
Dollar,Venezuela,170.835,171.219,2025-04-28 00:00:00
Dólares,Venezuela,174.044,174.361,2025-04-29 00:00:00
USD,Venezuela,173.928,174.504,2025-04-30 00:00:00
Dollar,Venezuela,174.004,174.673,2025-05-01 00:00:00
Dollar,Venezuela,Sin Dato,173.365,2025-05-02 00:00:00
Dollar,Venezuela,174.658,174.901,2025-05-03 00:00:00
Dollar,Venezuela,174.947,175.242,2025-05-04 00:00:00
Dollar,Venezuela,176.180,00000.000,2025-05-05 00:00:00
USD,Venezuela,172.270,172.501,2025-05-06 00:00:00
Dollar,Venezuela,175.425,175.954,2025-05-07 00:00:00
Dollar,Venezuela,179.547,180.007,2025-05-08 00:00:00
USD,Venezuela,179.769,180.409,2025-05-09 00:00:00
Dollar,Venezuela,185.319,185.993,2025-05-10 00:00:00
Dólares,Venezuela,190.334,190.755,2025-05-11 00:00:00
Dólares,Venezuela,192.089,192.688,2025-05-12 00:00:00
Dollar,Venezuela,196.178,196.499,2025-05-13 00:00:00
Dólares,Venezuela,199.239,199.673,2025-05-14 00:00:00
Dólares,Venezuela,193.969,194.418,2025-05-15 00:00:00
USD,Venezuela,193.163,193.655,2025-05-16 00:00:00
USD,Venezuela,195.163,195.818,2025-05-17 00:00:00
USD,Venezuela,199.907,200.626,2025-05-18 00:00:00
USD,Venezuela,195.743,196.498,2025-05-19 00:00:00
Dollar,Venezuela,190.882,191.337,2025-05-20 00:00:00
Dólares,Venezuela,190.574,191.326,2025-05-21 00:00:00
USD,Venezuela,184.760,185.297,2025-05-22 00:00:00
Dólares,Venezuela,184.622,184.940,2025-05-23 00:00:00
USD,Venezuela,185.654,185.941,2025-05-24 00:00:00
Dólares,Venezuela,182.991,183.365,2025-05-25 00:00:00
USD,Venezuela,182.731,183.281,2025-05-26 00:00:00
Dollar,Venezuela,185.487,185.769,2025-05-27 00:00:00
Dollar,Venezuela,184.010,184.292,2025-05-28 00:00:00
Dollar,Venezuela,181.846,182.076,2025-05-29 00:00:00
Dólares,Venezuela,181.522,181.816,2025-05-30 00:00:00
Dólares,Venezuela,178.661,179.035,2025-05-31 00:00:00
Dollar,Venezuela,Sin Dato,184.222,2025-06-01 00:00:00
USD,Venezuela,183.903,00000.000,2025-06-02 00:00:00
Dólares,Venezuela,181.953,182.613,2025-06-03 00:00:00
Dólares,Venezuela,182.524,00000.000,2025-06-04 00:00:00
USD,Venezuela,182.248,182.872,2025-06-05 00:00:00
Dollar,Venezuela,181.659,182.250,2025-06-06 00:00:00
Dólares,Venezuela,180.316,180.697,2025-06-07 00:00:00
Dollar,Venezuela,178.728,179.167,2025-06-08 00:00:00
Dólares,Venezuela,174.672,175.089,2025-06-09 00:00:00
Dollar,Venezuela,178.177,178.755,2025-06-10 00:00:00
Dollar,Venezuela,179.781,180.238,2025-06-11 00:00:00
Dollar,Venezuela,180.615,181.085,2025-06-12 00:00:00
USD,Venezuela,180.268,180.737,2025-06-13 00:00:00
Dólares,Venezuela,177.762,178.069,2025-06-14 00:00:00
Dólares,Venezuela,175.804,00000.000,2025-06-15 00:00:00
Dólares,Venezuela,171.975,172.314,2025-06-16 00:00:00
Dólares,Venezuela,170.359,170.591,2025-06-17 00:00:00
Dollar,Venezuela,167.402,168.017,2025-06-18 00:00:00
Dollar,Venezuela,171.664,172.243,2025-06-19 00:00:00
USD,Venezuela,174.010,174.445,2025-06-20 00:00:00
USD,Venezuela,174.189,174.671,2025-06-21 00:00:00
USD,Venezuela,171.898,172.455,2025-06-22 00:00:00
USD,Venezuela,169.341,169.654,2025-06-23 00:00:00
USD,Venezuela,168.837,169.190,2025-06-24 00:00:00
Dólares,Venezuela,171.184,171.539,2025-06-25 00:00:00
Dollar,Venezuela,175.921,176.619,2025-06-26 00:00:00
Dólares,Venezuela,172.459,172.684,2025-06-27 00:00:00
Dólares,Venezuela,173.902,174.156,2025-06-28 00:00:00
USD,Venezuela,172.196,172.465,2025-06-29 00:00:00
Dollar,Venezuela,170.913,171.230,2025-06-30 00:00:00
Dollar,Venezuela,171.005,171.387,2025-07-01 00:00:00
Dollar,Venezuela,168.728,169.396,2025-07-02 00:00:00
Dólares,Venezuela,168.127,168.785,2025-07-03 00:00:00
Dólares,Venezuela,165.864,166.462,2025-07-04 00:00:00
Dólares,Venezuela,164.601,164.850,2025-07-05 00:00:00
USD,Venezuela,166.341,166.842,2025-07-06 00:00:00
Dollar,Venezuela,166.613,167.066,2025-07-07 00:00:00
USD,Venezuela,168.565,168.876,2025-07-08 00:00:00
Dollar,Venezuela,166.879,167.208,2025-07-09 00:00:00
Dólares,Venezuela,168.281,168.665,2025-07-10 00:00:00
USD,Venezuela,164.250,164.471,2025-07-11 00:00:00
Dollar,Venezuela,164.246,164.712,2025-07-12 00:00:00
Dollar,Venezuela,165.933,166.176,2025-07-13 00:00:00
USD,Venezuela,161.718,162.114,2025-07-14 00:00:00
Dólares,Venezuela,160.171,160.494,2025-07-15 00:00:00
Dollar,Venezuela,160.334,160.559,2025-07-16 00:00:00
Dólares,Venezuela,162.725,163.012,2025-07-17 00:00:00
Dólares,Venezuela,161.213,161.705,2025-07-18 00:00:00
Dollar,Venezuela,162.546,162.939,2025-07-19 00:00:00
Dollar,Venezuela,166.075,166.447,2025-07-20 00:00:00
USD,Venezuela,167.408,167.993,2025-07-21 00:00:00
Dollar,Venezuela,166.864,167.515,2025-07-22 00:00:00
Dollar,Venezuela,167.800,168.441,2025-07-23 00:00:00
Dólares,Venezuela,166.469,166.726,2025-07-24 00:00:00
Dólares,Venezuela,166.587,167.041,2025-07-25 00:00:00
Dollar,Venezuela,166.131,00000.000,2025-07-26 00:00:00
Dollar,Venezuela,167.133,167.401,2025-07-27 00:00:00
Dollar,Venezuela,166.110,166.357,2025-07-28 00:00:00
USD,Venezuela,166.967,167.468,2025-07-29 00:00:00
Dollar,Venezuela,165.948,166.375,2025-07-30 00:00:00
Dólares,Venezuela,168.149,168.516,2025-07-31 00:00:00
Dollar,Venezuela,167.220,167.798,2025-08-01 00:00:00
Dollar,Venezuela,162.194,162.582,2025-08-02 00:00:00
USD,Venezuela,159.780,160.085,2025-08-03 00:00:00
Dólares,Venezuela,159.841,160.112,2025-08-04 00:00:00
Dólares,Venezuela,163.696,164.303,2025-08-05 00:00:00
USD,Venezuela,165.731,166.349,2025-08-06 00:00:00
USD,Venezuela,160.302,160.763,2025-08-07 00:00:00
Dólares,Venezuela,156.861,157.084,2025-08-08 00:00:00
USD,Venezuela,159.396,159.936,2025-08-09 00:00:00
Dollar,Venezuela,160.884,161.478,2025-08-10 00:00:00
Dólares,Venezuela,Sin Dato,166.951,2025-08-11 00:00:00
Dólares,Venezuela,165.378,165.667,2025-08-12 00:00:00
Dollar,Venezuela,163.148,163.677,2025-08-13 00:00:00
Dollar,Venezuela,163.319,163.857,2025-08-14 00:00:00
Dollar,Venezuela,162.121,162.711,2025-08-15 00:00:00
Dólares,Venezuela,164.834,165.053,2025-08-16 00:00:00
USD,Venezuela,163.392,163.971,2025-08-17 00:00:00
Dollar,Venezuela,162.743,163.296,2025-08-18 00:00:00
Dollar,Venezuela,160.509,160.742,2025-08-19 00:00:00
Dollar,Venezuela,162.193,162.706,2025-08-20 00:00:00
USD,Venezuela,159.968,160.437,2025-08-21 00:00:00
Dollar,Venezuela,161.054,161.337,2025-08-22 00:00:00
USD,Venezuela,165.565,165.903,2025-08-23 00:00:00
Dollar,Venezuela,161.120,161.504,2025-08-24 00:00:00
Dollar,Venezuela,164.615,165.249,2025-08-25 00:00:00
USD,Venezuela,165.416,165.833,2025-08-26 00:00:00
Dólares,Venezuela,162.598,163.059,2025-08-27 00:00:00
Dólares,Venezuela,162.844,163.348,2025-08-28 00:00:00
USD,Venezuela,164.561,165.182,2025-08-29 00:00:00
Dollar,Venezuela,162.694,163.139,2025-08-30 00:00:00
Dólares,Venezuela,163.837,164.300,2025-08-31 00:00:00
Dollar,Venezuela,167.670,168.309,2025-09-01 00:00:00
USD,Venezuela,166.386,167.016,2025-09-02 00:00:00
Dollar,Venezuela,163.902,164.551,2025-09-03 00:00:00
USD,Venezuela,163.629,164.205,2025-09-04 00:00:00
Dólares,Argentina,1349.630,1353.379,2024-09-04 00:00:00
USD,Argentina,1379.564,1382.598,2024-09-05 00:00:00
Dollar,Argentina,1374.370,1379.063,2024-09-06 00:00:00
Dólares,Argentina,1364.270,1365.654,2024-09-07 00:00:00
Dólares,Argentina,1335.586,1339.079,2024-09-08 00:00:00
Dólares,Argentina,1290.640,1295.501,2024-09-09 00:00:00
USD,Argentina,1257.687,1261.734,2024-09-10 00:00:00
Dollar,Argentina,1225.636,1228.528,2024-09-11 00:00:00
Dollar,Argentina,1219.843,1221.580,2024-09-12 00:00:00
Dollar,Argentina,Sin Dato,1184.918,2024-09-13 00:00:00
Dollar,Argentina,1118.053,1122.247,2024-09-14 00:00:00
Dólares,Argentina,1117.766,1120.102,2024-09-15 00:00:00
USD,Argentina,1159.708,1160.914,2024-09-16 00:00:00
USD,Argentina,1184.680,1188.228,2024-09-17 00:00:00
USD,Argentina,1179.333,1180.815,2024-09-18 00:00:00
Dólares,Argentina,1151.656,1156.261,2024-09-19 00:00:00
Dollar,Argentina,1212.620,1214.078,2024-09-20 00:00:00
Dólares,Argentina,1212.812,1216.760,2024-09-21 00:00:00
Dólares,Argentina,1218.614,1220.584,2024-09-22 00:00:00
USD,Argentina,1215.122,1217.034,2024-09-23 00:00:00
Dólares,Argentina,1213.644,1216.918,2024-09-24 00:00:00
USD,Argentina,Sin Dato,1202.792,2024-09-25 00:00:00
USD,Argentina,1194.404,1197.481,2024-09-26 00:00:00
USD,Argentina,1230.486,1233.347,2024-09-27 00:00:00
USD,Argentina,Sin Dato,1263.543,2024-09-28 00:00:00
Dollar,Argentina,1209.325,00000.000,2024-09-29 00:00:00
Dólares,Argentina,1174.467,1177.915,2024-09-30 00:00:00
Dollar,Argentina,1156.605,1159.183,2024-10-01 00:00:00
USD,Argentina,1178.924,1180.200,2024-10-02 00:00:00
Dólares,Argentina,1208.552,1210.567,2024-10-03 00:00:00
Dólares,Argentina,1226.368,1227.667,2024-10-04 00:00:00
USD,Argentina,1198.523,1200.097,2024-10-05 00:00:00
Dollar,Argentina,1184.974,1188.484,2024-10-06 00:00:00
Dólares,Argentina,1197.317,1199.372,2024-10-07 00:00:00
USD,Argentina,1190.696,1194.473,2024-10-08 00:00:00
USD,Argentina,1181.533,1185.755,2024-10-09 00:00:00
Dólares,Argentina,1173.334,1176.864,2024-10-10 00:00:00
Dólares,Argentina,1201.375,1203.317,2024-10-11 00:00:00
Dólares,Argentina,1215.976,1217.240,2024-10-12 00:00:00
USD,Argentina,1208.316,1209.836,2024-10-13 00:00:00
Dólares,Argentina,1215.585,1218.340,2024-10-14 00:00:00
Dollar,Argentina,1184.329,1188.693,2024-10-15 00:00:00
Dollar,Argentina,1173.063,1175.151,2024-10-16 00:00:00
Dollar,Argentina,1197.458,1200.022,2024-10-17 00:00:00
Dollar,Argentina,1159.752,1163.088,2024-10-18 00:00:00
Dollar,Argentina,1174.187,1176.806,2024-10-19 00:00:00
USD,Argentina,1125.490,1127.611,2024-10-20 00:00:00
Dollar,Argentina,1162.534,1167.013,2024-10-21 00:00:00
Dólares,Argentina,1150.002,1154.156,2024-10-22 00:00:00
Dólares,Argentina,1159.846,1162.706,2024-10-23 00:00:00
Dólares,Argentina,1162.605,1165.253,2024-10-24 00:00:00
Dólares,Argentina,1166.805,1168.051,2024-10-25 00:00:00
Dollar,Argentina,1172.911,1176.318,2024-10-26 00:00:00
USD,Argentina,1133.433,1135.445,2024-10-27 00:00:00
USD,Argentina,1136.066,1140.566,2024-10-28 00:00:00
USD,Argentina,1132.666,1135.588,2024-10-29 00:00:00
Dollar,Argentina,1121.292,1122.476,2024-10-30 00:00:00
Dólares,Argentina,1102.354,1106.487,2024-10-31 00:00:00
USD,Argentina,1107.736,1109.757,2024-11-01 00:00:00
Dólares,Argentina,1085.604,1088.498,2024-11-02 00:00:00
Dólares,Argentina,1108.528,1110.324,2024-11-03 00:00:00
Dollar,Argentina,1119.334,1120.491,2024-11-04 00:00:00
Dólares,Argentina,Sin Dato,1127.224,2024-11-05 00:00:00
Dólares,Argentina,1146.051,1149.489,2024-11-06 00:00:00
Dólares,Argentina,1104.099,1106.925,2024-11-07 00:00:00
Dollar,Argentina,1076.606,1077.835,2024-11-08 00:00:00
Dólares,Argentina,1087.694,1089.052,2024-11-09 00:00:00
Dólares,Argentina,1071.069,1074.082,2024-11-10 00:00:00
USD,Argentina,1058.469,1060.446,2024-11-11 00:00:00
USD,Argentina,1028.587,1030.716,2024-11-12 00:00:00
Dollar,Argentina,1008.193,1010.918,2024-11-13 00:00:00
USD,Argentina,1029.578,1032.081,2024-11-14 00:00:00
Dollar,Argentina,1039.336,1042.664,2024-11-15 00:00:00
Dólares,Argentina,1043.989,1045.708,2024-11-16 00:00:00
USD,Argentina,1031.534,1034.105,2024-11-17 00:00:00
USD,Argentina,1033.895,1036.784,2024-11-18 00:00:00
USD,Argentina,Sin Dato,1059.836,2024-11-19 00:00:00
Dollar,Argentina,1043.602,1044.882,2024-11-20 00:00:00
Dólares,Argentina,1041.912,00000.000,2024-11-21 00:00:00
Dólares,Argentina,1079.223,1081.713,2024-11-22 00:00:00
Dólares,Argentina,1093.901,1097.624,2024-11-23 00:00:00
Dólares,Argentina,1081.765,1085.106,2024-11-24 00:00:00
USD,Argentina,1095.767,00000.000,2024-11-25 00:00:00
Dólares,Argentina,1061.784,1063.139,2024-11-26 00:00:00
Dollar,Argentina,1060.055,1061.705,2024-11-27 00:00:00
Dollar,Argentina,1072.639,00000.000,2024-11-28 00:00:00
Dollar,Argentina,1080.366,1084.067,2024-11-29 00:00:00
USD,Argentina,1093.802,1097.062,2024-11-30 00:00:00
Dollar,Argentina,1112.728,1114.676,2024-12-01 00:00:00
Dollar,Argentina,1122.543,1125.317,2024-12-02 00:00:00
USD,Argentina,1132.713,1134.461,2024-12-03 00:00:00
Dólares,Argentina,1136.757,1139.835,2024-12-04 00:00:00
USD,Argentina,1111.583,1115.786,2024-12-05 00:00:00
Dólares,Argentina,1134.917,1139.367,2024-12-06 00:00:00
USD,Argentina,1134.205,1138.280,2024-12-07 00:00:00
USD,Argentina,1149.695,1153.764,2024-12-08 00:00:00
Dólares,Argentina,1172.691,1173.994,2024-12-09 00:00:00
Dólares,Argentina,1159.613,1162.852,2024-12-10 00:00:00
Dólares,Argentina,1150.433,1151.850,2024-12-11 00:00:00
Dólares,Argentina,1142.257,1145.790,2024-12-12 00:00:00
Dollar,Argentina,1172.054,1173.457,2024-12-13 00:00:00
USD,Argentina,1150.652,1152.893,2024-12-14 00:00:00
Dólares,Argentina,1183.945,1186.264,2024-12-15 00:00:00
USD,Argentina,1188.051,1191.475,2024-12-16 00:00:00
Dollar,Argentina,1195.102,1197.134,2024-12-17 00:00:00
Dollar,Argentina,1216.747,1218.053,2024-12-18 00:00:00
USD,Argentina,1217.076,1221.731,2024-12-19 00:00:00
Dollar,Argentina,1243.273,1247.503,2024-12-20 00:00:00
Dólares,Argentina,1231.000,1234.007,2024-12-21 00:00:00
Dólares,Argentina,1265.418,1269.071,2024-12-22 00:00:00
Dollar,Argentina,1254.531,1257.375,2024-12-23 00:00:00
Dollar,Argentina,1290.385,1294.537,2024-12-24 00:00:00
Dollar,Argentina,1280.277,1282.922,2024-12-25 00:00:00
Dólares,Argentina,1273.190,1275.563,2024-12-26 00:00:00
Dollar,Argentina,1248.080,1249.487,2024-12-27 00:00:00
Dólares,Argentina,1228.959,1230.255,2024-12-28 00:00:00
Dollar,Argentina,1227.431,1230.077,2024-12-29 00:00:00
Dólares,Argentina,1232.634,1236.386,2024-12-30 00:00:00
Dólares,Argentina,1256.400,1261.226,2024-12-31 00:00:00
Dólares,Argentina,1251.920,1254.931,2025-01-01 00:00:00
Dólares,Argentina,1222.846,1227.715,2025-01-02 00:00:00
Dólares,Argentina,1233.606,1235.698,2025-01-03 00:00:00
Dólares,Argentina,1237.013,1240.511,2025-01-04 00:00:00
Dollar,Argentina,1249.375,1252.550,2025-01-05 00:00:00
Dollar,Argentina,1233.981,1236.033,2025-01-06 00:00:00
USD,Argentina,1220.939,1222.844,2025-01-07 00:00:00
Dollar,Argentina,1205.607,1207.023,2025-01-08 00:00:00
Dólares,Argentina,1232.589,1237.414,2025-01-09 00:00:00
USD,Argentina,1268.127,1272.049,2025-01-10 00:00:00
Dollar,Argentina,1254.672,1256.508,2025-01-11 00:00:00
USD,Argentina,Sin Dato,1242.760,2025-01-12 00:00:00
USD,Argentina,1255.800,1259.083,2025-01-13 00:00:00
USD,Argentina,1295.533,1297.185,2025-01-14 00:00:00
Dólares,Argentina,1340.482,1345.360,2025-01-15 00:00:00
Dólares,Argentina,1324.031,1328.894,2025-01-16 00:00:00
Dólares,Argentina,Sin Dato,1318.722,2025-01-17 00:00:00
USD,Argentina,1321.739,1325.665,2025-01-18 00:00:00
Dólares,Argentina,1330.789,1334.324,2025-01-19 00:00:00
Dollar,Argentina,1326.435,1329.247,2025-01-20 00:00:00
Dólares,Argentina,1305.478,1307.803,2025-01-21 00:00:00
Dollar,Argentina,1304.963,1306.586,2025-01-22 00:00:00
USD,Argentina,1351.518,1353.764,2025-01-23 00:00:00
Dollar,Argentina,1336.259,1341.016,2025-01-24 00:00:00
Dólares,Argentina,1342.958,1346.300,2025-01-25 00:00:00
Dollar,Argentina,1410.131,1415.039,2025-01-26 00:00:00
Dólares,Argentina,1396.159,1399.015,2025-01-27 00:00:00
USD,Argentina,1415.371,1417.923,2025-01-28 00:00:00
Dollar,Argentina,1466.299,1471.640,2025-01-29 00:00:00
Dollar,Argentina,1483.683,1488.962,2025-01-30 00:00:00
Dólares,Argentina,1516.544,1522.017,2025-01-31 00:00:00
USD,Argentina,1541.824,1546.599,2025-02-01 00:00:00
USD,Argentina,1557.507,1562.250,2025-02-02 00:00:00
USD,Argentina,1601.815,1604.181,2025-02-03 00:00:00
USD,Argentina,1620.838,1626.753,2025-02-04 00:00:00
Dollar,Argentina,1616.746,1619.991,2025-02-05 00:00:00
Dollar,Argentina,1620.496,1625.739,2025-02-06 00:00:00
USD,Argentina,1632.227,1637.944,2025-02-07 00:00:00
USD,Argentina,1620.176,1624.268,2025-02-08 00:00:00
Dollar,Argentina,1626.065,1630.780,2025-02-09 00:00:00
Dólares,Argentina,1628.485,1631.385,2025-02-10 00:00:00
USD,Argentina,1648.220,1653.734,2025-02-11 00:00:00
USD,Argentina,Sin Dato,1723.544,2025-02-12 00:00:00
Dólares,Argentina,1727.631,1734.363,2025-02-13 00:00:00
USD,Argentina,1783.800,1787.417,2025-02-14 00:00:00
Dollar,Argentina,1806.136,1808.500,2025-02-15 00:00:00
USD,Argentina,1810.606,1817.521,2025-02-16 00:00:00
Dólares,Argentina,1796.155,1799.577,2025-02-17 00:00:00
Dólares,Argentina,1802.025,1807.665,2025-02-18 00:00:00
Dollar,Argentina,1807.801,1811.488,2025-02-19 00:00:00
Dólares,Argentina,Sin Dato,1786.859,2025-02-20 00:00:00
USD,Argentina,1761.471,1767.249,2025-02-21 00:00:00
Dólares,Argentina,1776.716,1778.625,2025-02-22 00:00:00
Dólares,Argentina,1830.534,1836.126,2025-02-23 00:00:00
Dollar,Argentina,1828.779,1833.059,2025-02-24 00:00:00
Dollar,Argentina,1776.570,1779.221,2025-02-25 00:00:00
USD,Argentina,1696.834,00000.000,2025-02-26 00:00:00
Dólares,Argentina,1663.956,1666.033,2025-02-27 00:00:00
Dollar,Argentina,1686.015,1691.150,2025-02-28 00:00:00
Dollar,Argentina,1642.175,1648.514,2025-03-01 00:00:00
Dólares,Argentina,1672.838,1675.271,2025-03-02 00:00:00
Dólares,Argentina,1693.908,1697.739,2025-03-03 00:00:00
Dólares,Argentina,1689.993,1694.927,2025-03-04 00:00:00
Dollar,Argentina,1637.580,1644.065,2025-03-05 00:00:00
USD,Argentina,1616.314,1619.919,2025-03-06 00:00:00
Dollar,Argentina,1608.990,1611.629,2025-03-07 00:00:00
Dollar,Argentina,1620.761,1622.534,2025-03-08 00:00:00
Dollar,Argentina,Sin Dato,1583.897,2025-03-09 00:00:00
Dólares,Argentina,1624.742,1628.678,2025-03-10 00:00:00
Dollar,Argentina,1635.148,1640.573,2025-03-11 00:00:00
Dollar,Argentina,1649.902,1655.743,2025-03-12 00:00:00
USD,Argentina,1672.902,1675.235,2025-03-13 00:00:00
Dólares,Argentina,1717.627,1719.514,2025-03-14 00:00:00
Dollar,Argentina,1722.401,1728.249,2025-03-15 00:00:00
USD,Argentina,1747.652,1751.929,2025-03-16 00:00:00
USD,Argentina,1724.737,1727.502,2025-03-17 00:00:00
Dollar,Argentina,1786.079,1790.505,2025-03-18 00:00:00
Dólares,Argentina,1791.254,1794.494,2025-03-19 00:00:00
Dólares,Argentina,1765.453,1771.453,2025-03-20 00:00:00
Dollar,Argentina,1751.765,1753.579,2025-03-21 00:00:00
USD,Argentina,1685.411,1687.464,2025-03-22 00:00:00
Dollar,Argentina,1668.842,1673.521,2025-03-23 00:00:00
USD,Argentina,1588.676,1591.657,2025-03-24 00:00:00
Dólares,Argentina,1612.461,1617.855,2025-03-25 00:00:00
USD,Argentina,1627.990,1629.813,2025-03-26 00:00:00
Dollar,Argentina,1596.020,1598.778,2025-03-27 00:00:00
USD,Argentina,1592.715,1599.035,2025-03-28 00:00:00
Dollar,Argentina,1593.482,1598.037,2025-03-29 00:00:00
Dólares,Argentina,1556.369,1561.212,2025-03-30 00:00:00
Dollar,Argentina,1550.366,1553.438,2025-03-31 00:00:00
USD,Argentina,1550.754,1554.718,2025-04-01 00:00:00
Dólares,Argentina,Sin Dato,1545.910,2025-04-02 00:00:00
Dollar,Argentina,1523.044,1524.928,2025-04-03 00:00:00
USD,Argentina,1491.439,1495.475,2025-04-04 00:00:00
Dollar,Argentina,1482.782,1487.339,2025-04-05 00:00:00
USD,Argentina,1466.993,1469.199,2025-04-06 00:00:00
Dollar,Argentina,1483.933,1485.883,2025-04-07 00:00:00
Dollar,Argentina,1525.631,1527.302,2025-04-08 00:00:00
Dólares,Argentina,1551.734,1557.655,2025-04-09 00:00:00
USD,Argentina,1554.115,1558.983,2025-04-10 00:00:00
Dólares,Argentina,1533.634,1539.185,2025-04-11 00:00:00
USD,Argentina,1562.339,1565.495,2025-04-12 00:00:00
USD,Argentina,1581.056,1586.512,2025-04-13 00:00:00
Dollar,Argentina,1623.598,1627.429,2025-04-14 00:00:00
Dólares,Argentina,1629.546,1634.329,2025-04-15 00:00:00
USD,Argentina,1687.546,1689.648,2025-04-16 00:00:00
Dólares,Argentina,1694.280,1696.282,2025-04-17 00:00:00
Dollar,Argentina,1670.170,1676.219,2025-04-18 00:00:00
Dollar,Argentina,1655.628,1658.375,2025-04-19 00:00:00
Dólares,Argentina,1671.837,1676.820,2025-04-20 00:00:00
Dólares,Argentina,1653.053,1657.181,2025-04-21 00:00:00
USD,Argentina,1710.860,1713.746,2025-04-22 00:00:00
USD,Argentina,1723.800,1730.690,2025-04-23 00:00:00
Dollar,Argentina,1727.176,1729.940,2025-04-24 00:00:00
Dólares,Argentina,1730.073,1735.342,2025-04-25 00:00:00
Dólares,Argentina,1720.681,1726.895,2025-04-26 00:00:00
Dollar,Argentina,1663.612,1668.913,2025-04-27 00:00:00
Dollar,Argentina,1648.479,1651.842,2025-04-28 00:00:00
Dólares,Argentina,1700.309,1703.905,2025-04-29 00:00:00
Dólares,Argentina,1707.768,1711.728,2025-04-30 00:00:00
Dólares,Argentina,1742.782,1748.325,2025-05-01 00:00:00
Dollar,Argentina,1779.910,1786.512,2025-05-02 00:00:00
USD,Argentina,1779.820,1783.856,2025-05-03 00:00:00
Dólares,Argentina,1801.712,1808.457,2025-05-04 00:00:00
Dólares,Argentina,1746.748,1749.601,2025-05-05 00:00:00
Dollar,Argentina,1796.920,1802.678,2025-05-06 00:00:00
Dólares,Argentina,1848.187,1850.766,2025-05-07 00:00:00
Dólares,Argentina,1866.313,1869.188,2025-05-08 00:00:00
Dólares,Argentina,1875.880,1879.096,2025-05-09 00:00:00
Dollar,Argentina,1874.894,1878.163,2025-05-10 00:00:00
USD,Argentina,1917.073,1924.011,2025-05-11 00:00:00
Dólares,Argentina,1948.157,1952.209,2025-05-12 00:00:00
Dollar,Argentina,1836.525,1841.635,2025-05-13 00:00:00
Dólares,Argentina,1822.181,1829.316,2025-05-14 00:00:00
USD,Argentina,1783.280,1786.447,2025-05-15 00:00:00
USD,Argentina,1735.761,1741.534,2025-05-16 00:00:00
Dólares,Argentina,1777.774,1780.251,2025-05-17 00:00:00
USD,Argentina,1775.825,1778.861,2025-05-18 00:00:00
Dólares,Argentina,1793.206,1795.396,2025-05-19 00:00:00
Dollar,Argentina,1795.250,1798.864,2025-05-20 00:00:00
Dollar,Argentina,1747.893,1753.998,2025-05-21 00:00:00
Dollar,Argentina,1694.017,1698.854,2025-05-22 00:00:00
USD,Argentina,1679.286,1684.534,2025-05-23 00:00:00
Dollar,Argentina,1669.255,1671.109,2025-05-24 00:00:00
Dólares,Argentina,1655.854,1661.177,2025-05-25 00:00:00
USD,Argentina,1644.936,1650.757,2025-05-26 00:00:00
Dollar,Argentina,1713.358,1719.222,2025-05-27 00:00:00
Dollar,Argentina,1750.239,1753.072,2025-05-28 00:00:00
Dólares,Argentina,1758.845,1761.196,2025-05-29 00:00:00
USD,Argentina,1755.221,1759.779,2025-05-30 00:00:00
Dólares,Argentina,1752.847,1759.537,2025-05-31 00:00:00
Dólares,Argentina,1780.189,1783.661,2025-06-01 00:00:00
USD,Argentina,1776.805,1781.292,2025-06-02 00:00:00
Dollar,Argentina,1809.511,1813.794,2025-06-03 00:00:00
USD,Argentina,1821.884,1826.530,2025-06-04 00:00:00
Dólares,Argentina,1899.051,1901.748,2025-06-05 00:00:00
Dólares,Argentina,1894.061,1896.127,2025-06-06 00:00:00
Dollar,Argentina,1935.541,1938.651,2025-06-07 00:00:00
USD,Argentina,1893.944,1899.672,2025-06-08 00:00:00
USD,Argentina,1869.769,1876.520,2025-06-09 00:00:00
Dollar,Argentina,1943.361,1946.339,2025-06-10 00:00:00
Dólares,Argentina,1974.900,1982.486,2025-06-11 00:00:00
Dollar,Argentina,1995.262,2001.356,2025-06-12 00:00:00
Dollar,Argentina,2090.587,00000.000,2025-06-13 00:00:00
Dólares,Argentina,2089.114,2094.787,2025-06-14 00:00:00
Dólares,Argentina,2136.444,2139.966,2025-06-15 00:00:00
Dollar,Argentina,2185.709,2192.225,2025-06-16 00:00:00
Dólares,Argentina,2258.986,2261.969,2025-06-17 00:00:00
Dólares,Argentina,2205.368,2211.936,2025-06-18 00:00:00
Dólares,Argentina,2201.835,2209.803,2025-06-19 00:00:00
USD,Argentina,2216.607,2224.038,2025-06-20 00:00:00
Dólares,Argentina,2287.815,2296.148,2025-06-21 00:00:00
USD,Argentina,2310.213,2315.330,2025-06-22 00:00:00
Dollar,Argentina,2363.738,2371.844,2025-06-23 00:00:00
Dólares,Argentina,2305.861,2313.452,2025-06-24 00:00:00
Dólares,Argentina,2291.947,2299.876,2025-06-25 00:00:00
Dólares,Argentina,2357.476,2360.686,2025-06-26 00:00:00
Dólares,Argentina,2348.595,2353.235,2025-06-27 00:00:00
USD,Argentina,2349.179,2354.116,2025-06-28 00:00:00
Dólares,Argentina,2424.015,2429.270,2025-06-29 00:00:00
Dólares,Argentina,2382.738,2388.335,2025-06-30 00:00:00
Dollar,Argentina,2353.071,2357.032,2025-07-01 00:00:00
USD,Argentina,2291.334,2294.131,2025-07-02 00:00:00
Dollar,Argentina,2364.642,2371.411,2025-07-03 00:00:00
Dólares,Argentina,2412.965,2418.740,2025-07-04 00:00:00
Dollar,Argentina,2460.138,2466.438,2025-07-05 00:00:00
Dólares,Argentina,2444.302,2450.268,2025-07-06 00:00:00
Dólares,Argentina,2376.011,2382.532,2025-07-07 00:00:00
Dollar,Argentina,2297.982,2303.967,2025-07-08 00:00:00
USD,Argentina,2360.612,2368.744,2025-07-09 00:00:00
Dólares,Argentina,2387.576,2395.119,2025-07-10 00:00:00
Dólares,Argentina,2425.544,2429.745,2025-07-11 00:00:00
USD,Argentina,2436.682,2445.912,2025-07-12 00:00:00
Dólares,Argentina,2401.529,2407.439,2025-07-13 00:00:00
Dólares,Argentina,2388.870,2393.103,2025-07-14 00:00:00
USD,Argentina,2339.717,2347.707,2025-07-15 00:00:00
Dólares,Argentina,2288.983,2294.982,2025-07-16 00:00:00
Dollar,Argentina,2330.403,2337.752,2025-07-17 00:00:00
USD,Argentina,2258.709,2262.819,2025-07-18 00:00:00
USD,Argentina,Sin Dato,2218.051,2025-07-19 00:00:00
Dollar,Argentina,2203.026,2209.741,2025-07-20 00:00:00
Dollar,Argentina,2207.576,2214.491,2025-07-21 00:00:00
USD,Argentina,2150.621,2153.463,2025-07-22 00:00:00
Dólares,Argentina,2079.427,2087.529,2025-07-23 00:00:00
USD,Argentina,2099.257,2104.408,2025-07-24 00:00:00
USD,Argentina,2110.052,2112.438,2025-07-25 00:00:00
Dollar,Argentina,2165.702,2171.990,2025-07-26 00:00:00
Dollar,Argentina,2170.392,2177.909,2025-07-27 00:00:00
Dólares,Argentina,2193.761,00000.000,2025-07-28 00:00:00
Dollar,Argentina,2163.849,2169.988,2025-07-29 00:00:00
Dólares,Argentina,2135.802,2140.577,2025-07-30 00:00:00
USD,Argentina,2081.514,2088.481,2025-07-31 00:00:00
USD,Argentina,2054.228,2057.979,2025-08-01 00:00:00
Dólares,Argentina,2040.906,2047.043,2025-08-02 00:00:00
USD,Argentina,2093.634,2096.329,2025-08-03 00:00:00
Dollar,Argentina,Sin Dato,2062.823,2025-08-04 00:00:00
USD,Argentina,2146.744,2149.976,2025-08-05 00:00:00
Dollar,Argentina,2173.796,2177.387,2025-08-06 00:00:00
USD,Argentina,2192.185,2195.008,2025-08-07 00:00:00
USD,Argentina,2192.422,2198.616,2025-08-08 00:00:00
USD,Argentina,2186.174,2191.954,2025-08-09 00:00:00
Dollar,Argentina,2161.644,2167.669,2025-08-10 00:00:00
Dólares,Argentina,2102.732,2107.975,2025-08-11 00:00:00
Dollar,Argentina,2069.146,2073.879,2025-08-12 00:00:00
USD,Argentina,2136.049,2142.794,2025-08-13 00:00:00
Dólares,Argentina,2161.796,2165.739,2025-08-14 00:00:00
Dólares,Argentina,2232.854,2235.620,2025-08-15 00:00:00
Dólares,Argentina,2206.390,2210.100,2025-08-16 00:00:00
Dólares,Argentina,2161.194,2165.662,2025-08-17 00:00:00
Dollar,Argentina,2163.601,2166.205,2025-08-18 00:00:00
Dólares,Argentina,2127.940,2135.189,2025-08-19 00:00:00
Dollar,Argentina,2137.633,2145.429,2025-08-20 00:00:00
USD,Argentina,2071.828,2077.954,2025-08-21 00:00:00
Dólares,Argentina,1990.164,1994.147,2025-08-22 00:00:00
Dollar,Argentina,2004.040,2010.078,2025-08-23 00:00:00
Dólares,Argentina,2071.714,2076.683,2025-08-24 00:00:00
Dólares,Argentina,2090.346,2092.815,2025-08-25 00:00:00
USD,Argentina,2113.323,2116.550,2025-08-26 00:00:00
USD,Argentina,2114.900,2121.403,2025-08-27 00:00:00
Dollar,Argentina,2123.955,2126.697,2025-08-28 00:00:00
USD,Argentina,2062.806,2067.662,2025-08-29 00:00:00
Dollar,Argentina,2031.806,2037.900,2025-08-30 00:00:00
Dólares,Argentina,2081.628,2088.689,2025-08-31 00:00:00
Dollar,Argentina,2035.549,2043.662,2025-09-01 00:00:00
USD,Argentina,2022.867,00000.000,2025-09-02 00:00:00
Dollar,Argentina,2073.210,2078.530,2025-09-03 00:00:00
USD,Argentina,2078.766,2084.742,2025-09-04 00:00:00
Dollar,Mexico,18.509,18.534,2024-09-04 00:00:00
USD,Mexico,Sin Dato,18.519,2024-09-05 00:00:00
Dólares,Mexico,18.555,18.576,2024-09-06 00:00:00
Dollar,Mexico,18.654,18.690,2024-09-07 00:00:00
Dollar,Mexico,18.572,18.596,2024-09-08 00:00:00
Dólares,Mexico,18.400,18.471,2024-09-09 00:00:00
Dollar,Mexico,18.213,18.252,2024-09-10 00:00:00
Dollar,Mexico,18.267,18.309,2024-09-11 00:00:00
USD,Mexico,18.296,18.365,2024-09-12 00:00:00
Dollar,Mexico,18.582,18.628,2024-09-13 00:00:00
Dollar,Mexico,18.594,18.634,2024-09-14 00:00:00
USD,Mexico,18.569,18.637,2024-09-15 00:00:00
USD,Mexico,18.601,18.664,2024-09-16 00:00:00
USD,Mexico,18.651,18.687,2024-09-17 00:00:00
Dólares,Mexico,Sin Dato,18.663,2024-09-18 00:00:00
USD,Mexico,18.536,18.593,2024-09-19 00:00:00
Dólares,Mexico,18.541,18.595,2024-09-20 00:00:00
Dólares,Mexico,Sin Dato,18.599,2024-09-21 00:00:00
USD,Mexico,18.538,18.590,2024-09-22 00:00:00
USD,Mexico,18.624,18.686,2024-09-23 00:00:00
USD,Mexico,18.636,18.677,2024-09-24 00:00:00
Dólares,Mexico,18.496,18.523,2024-09-25 00:00:00
Dólares,Mexico,18.432,18.452,2024-09-26 00:00:00
USD,Mexico,18.408,18.434,2024-09-27 00:00:00
Dollar,Mexico,18.391,18.463,2024-09-28 00:00:00
Dólares,Mexico,18.465,18.507,2024-09-29 00:00:00
Dólares,Mexico,18.472,18.514,2024-09-30 00:00:00
USD,Mexico,18.262,18.286,2024-10-01 00:00:00
Dólares,Mexico,18.115,18.167,2024-10-02 00:00:00
Dólares,Mexico,18.180,18.233,2024-10-03 00:00:00
Dollar,Mexico,18.172,18.194,2024-10-04 00:00:00
USD,Mexico,18.309,18.382,2024-10-05 00:00:00
Dólares,Mexico,18.326,18.398,2024-10-06 00:00:00
USD,Mexico,18.309,18.341,2024-10-07 00:00:00
Dólares,Mexico,18.229,18.286,2024-10-08 00:00:00
Dollar,Mexico,18.214,18.235,2024-10-09 00:00:00
Dollar,Mexico,18.211,18.273,2024-10-10 00:00:00
Dólares,Mexico,18.216,18.268,2024-10-11 00:00:00
Dollar,Mexico,18.323,18.370,2024-10-12 00:00:00
USD,Mexico,18.162,18.203,2024-10-13 00:00:00
Dólares,Mexico,18.015,18.053,2024-10-14 00:00:00
USD,Mexico,17.989,18.030,2024-10-15 00:00:00
USD,Mexico,18.038,18.098,2024-10-16 00:00:00
Dólares,Mexico,18.141,18.160,2024-10-17 00:00:00
Dollar,Mexico,18.078,18.097,2024-10-18 00:00:00
Dólares,Mexico,17.790,17.822,2024-10-19 00:00:00
Dólares,Mexico,17.725,17.771,2024-10-20 00:00:00
Dollar,Mexico,17.775,17.804,2024-10-21 00:00:00
Dollar,Mexico,17.776,17.800,2024-10-22 00:00:00
Dollar,Mexico,17.826,17.873,2024-10-23 00:00:00
Dollar,Mexico,17.966,17.989,2024-10-24 00:00:00
USD,Mexico,17.939,17.983,2024-10-25 00:00:00
Dólares,Mexico,17.884,17.942,2024-10-26 00:00:00
USD,Mexico,17.796,17.840,2024-10-27 00:00:00
Dólares,Mexico,17.650,17.692,2024-10-28 00:00:00
USD,Mexico,17.471,17.530,2024-10-29 00:00:00
USD,Mexico,17.403,17.457,2024-10-30 00:00:00
Dólares,Mexico,17.518,17.559,2024-10-31 00:00:00
Dollar,Mexico,17.600,17.620,2024-11-01 00:00:00
Dollar,Mexico,17.526,17.591,2024-11-02 00:00:00
Dollar,Mexico,17.759,17.812,2024-11-03 00:00:00
Dollar,Mexico,17.688,17.754,2024-11-04 00:00:00
Dólares,Mexico,17.849,17.870,2024-11-05 00:00:00
USD,Mexico,18.004,18.050,2024-11-06 00:00:00
USD,Mexico,18.054,18.099,2024-11-07 00:00:00
USD,Mexico,17.976,18.030,2024-11-08 00:00:00
USD,Mexico,17.953,17.974,2024-11-09 00:00:00
Dólares,Mexico,17.974,17.993,2024-11-10 00:00:00
Dollar,Mexico,17.820,17.856,2024-11-11 00:00:00
Dólares,Mexico,17.705,00000.000,2024-11-12 00:00:00
Dólares,Mexico,17.609,00000.000,2024-11-13 00:00:00
Dollar,Mexico,17.668,17.691,2024-11-14 00:00:00
Dólares,Mexico,Sin Dato,17.821,2024-11-15 00:00:00
USD,Mexico,17.873,17.892,2024-11-16 00:00:00
USD,Mexico,17.963,18.015,2024-11-17 00:00:00
Dollar,Mexico,17.888,17.926,2024-11-18 00:00:00
Dollar,Mexico,17.847,17.898,2024-11-19 00:00:00
Dollar,Mexico,17.816,17.875,2024-11-20 00:00:00
USD,Mexico,17.884,17.905,2024-11-21 00:00:00
USD,Mexico,18.092,18.162,2024-11-22 00:00:00
USD,Mexico,18.021,18.093,2024-11-23 00:00:00
Dólares,Mexico,18.132,18.183,2024-11-24 00:00:00
Dólares,Mexico,18.293,18.355,2024-11-25 00:00:00
Dollar,Mexico,18.353,18.407,2024-11-26 00:00:00
USD,Mexico,18.305,18.374,2024-11-27 00:00:00
USD,Mexico,18.232,18.263,2024-11-28 00:00:00
Dólares,Mexico,18.112,18.154,2024-11-29 00:00:00
USD,Mexico,17.893,17.944,2024-11-30 00:00:00
Dólares,Mexico,17.862,17.928,2024-12-01 00:00:00
Dollar,Mexico,17.839,17.892,2024-12-02 00:00:00
USD,Mexico,Sin Dato,17.990,2024-12-03 00:00:00
Dollar,Mexico,17.863,17.927,2024-12-04 00:00:00
Dólares,Mexico,17.848,17.906,2024-12-05 00:00:00
Dollar,Mexico,17.886,17.929,2024-12-06 00:00:00
Dollar,Mexico,17.930,17.990,2024-12-07 00:00:00
Dólares,Mexico,18.012,18.066,2024-12-08 00:00:00
Dollar,Mexico,18.023,18.094,2024-12-09 00:00:00
USD,Mexico,17.884,17.952,2024-12-10 00:00:00
Dólares,Mexico,17.930,17.992,2024-12-11 00:00:00
USD,Mexico,17.876,17.906,2024-12-12 00:00:00
Dollar,Mexico,17.995,18.053,2024-12-13 00:00:00
Dollar,Mexico,18.003,18.050,2024-12-14 00:00:00
Dólares,Mexico,18.035,18.069,2024-12-15 00:00:00
Dollar,Mexico,18.309,18.359,2024-12-16 00:00:00
USD,Mexico,18.390,18.444,2024-12-17 00:00:00
Dólares,Mexico,18.429,18.489,2024-12-18 00:00:00
Dollar,Mexico,18.434,18.453,2024-12-19 00:00:00
Dollar,Mexico,18.292,00000.000,2024-12-20 00:00:00
USD,Mexico,18.254,18.316,2024-12-21 00:00:00
Dollar,Mexico,18.177,18.207,2024-12-22 00:00:00
USD,Mexico,18.348,18.400,2024-12-23 00:00:00
USD,Mexico,Sin Dato,18.432,2024-12-24 00:00:00
Dollar,Mexico,18.525,18.575,2024-12-25 00:00:00
USD,Mexico,Sin Dato,18.491,2024-12-26 00:00:00
USD,Mexico,18.359,18.431,2024-12-27 00:00:00
Dollar,Mexico,18.447,18.486,2024-12-28 00:00:00
Dollar,Mexico,18.351,18.386,2024-12-29 00:00:00
Dollar,Mexico,18.287,18.353,2024-12-30 00:00:00
USD,Mexico,18.476,18.544,2024-12-31 00:00:00
Dólares,Mexico,18.440,18.491,2025-01-01 00:00:00
USD,Mexico,18.280,18.337,2025-01-02 00:00:00
USD,Mexico,18.106,18.124,2025-01-03 00:00:00
Dólares,Mexico,17.919,17.979,2025-01-04 00:00:00
Dollar,Mexico,18.074,18.097,2025-01-05 00:00:00
Dólares,Mexico,17.999,18.052,2025-01-06 00:00:00
Dollar,Mexico,18.291,18.313,2025-01-07 00:00:00
Dollar,Mexico,18.446,18.496,2025-01-08 00:00:00
Dollar,Mexico,18.667,18.720,2025-01-09 00:00:00
Dollar,Mexico,18.791,18.825,2025-01-10 00:00:00
Dollar,Mexico,18.842,18.908,2025-01-11 00:00:00
Dollar,Mexico,18.772,18.794,2025-01-12 00:00:00
USD,Mexico,18.763,18.801,2025-01-13 00:00:00
Dólares,Mexico,18.829,18.892,2025-01-14 00:00:00
Dólares,Mexico,18.945,00000.000,2025-01-15 00:00:00
Dollar,Mexico,18.820,18.858,2025-01-16 00:00:00
USD,Mexico,18.795,18.839,2025-01-17 00:00:00
Dollar,Mexico,18.781,18.834,2025-01-18 00:00:00
Dollar,Mexico,18.764,18.824,2025-01-19 00:00:00
Dólares,Mexico,18.651,18.706,2025-01-20 00:00:00
Dollar,Mexico,18.855,18.918,2025-01-21 00:00:00
Dollar,Mexico,18.827,18.894,2025-01-22 00:00:00
Dólares,Mexico,18.732,18.772,2025-01-23 00:00:00
Dollar,Mexico,18.949,18.979,2025-01-24 00:00:00
Dólares,Mexico,19.120,19.160,2025-01-25 00:00:00
USD,Mexico,19.138,19.174,2025-01-26 00:00:00
Dólares,Mexico,18.916,18.989,2025-01-27 00:00:00
Dólares,Mexico,18.865,18.934,2025-01-28 00:00:00
Dollar,Mexico,18.686,18.752,2025-01-29 00:00:00
USD,Mexico,18.754,18.799,2025-01-30 00:00:00
Dólares,Mexico,18.693,18.739,2025-01-31 00:00:00
Dólares,Mexico,18.692,18.735,2025-02-01 00:00:00
Dollar,Mexico,18.882,18.942,2025-02-02 00:00:00
Dólares,Mexico,18.817,18.871,2025-02-03 00:00:00
Dollar,Mexico,18.884,18.910,2025-02-04 00:00:00
USD,Mexico,18.947,19.021,2025-02-05 00:00:00
USD,Mexico,19.112,19.135,2025-02-06 00:00:00
USD,Mexico,19.095,19.129,2025-02-07 00:00:00
USD,Mexico,19.072,19.105,2025-02-08 00:00:00
Dollar,Mexico,19.045,19.080,2025-02-09 00:00:00
Dólares,Mexico,19.073,19.136,2025-02-10 00:00:00
Dólares,Mexico,19.264,19.287,2025-02-11 00:00:00
Dólares,Mexico,19.221,19.268,2025-02-12 00:00:00
USD,Mexico,18.945,18.984,2025-02-13 00:00:00
Dollar,Mexico,19.030,19.100,2025-02-14 00:00:00
USD,Mexico,19.037,19.109,2025-02-15 00:00:00
Dollar,Mexico,19.121,19.143,2025-02-16 00:00:00
USD,Mexico,Sin Dato,18.983,2025-02-17 00:00:00
USD,Mexico,18.855,18.930,2025-02-18 00:00:00
Dólares,Mexico,18.967,18.998,2025-02-19 00:00:00
USD,Mexico,18.814,18.865,2025-02-20 00:00:00
Dollar,Mexico,18.866,18.919,2025-02-21 00:00:00
Dollar,Mexico,18.869,18.908,2025-02-22 00:00:00
Dólares,Mexico,18.772,18.838,2025-02-23 00:00:00
Dollar,Mexico,18.688,18.739,2025-02-24 00:00:00
Dollar,Mexico,18.566,18.633,2025-02-25 00:00:00
Dólares,Mexico,18.577,18.636,2025-02-26 00:00:00
Dólares,Mexico,18.602,18.651,2025-02-27 00:00:00
USD,Mexico,18.574,18.597,2025-02-28 00:00:00
Dollar,Mexico,18.452,18.479,2025-03-01 00:00:00
Dollar,Mexico,18.107,18.177,2025-03-02 00:00:00
Dollar,Mexico,18.168,18.211,2025-03-03 00:00:00
Dólares,Mexico,18.268,18.308,2025-03-04 00:00:00
USD,Mexico,18.345,18.367,2025-03-05 00:00:00
USD,Mexico,18.559,18.606,2025-03-06 00:00:00
Dólares,Mexico,18.551,18.573,2025-03-07 00:00:00
USD,Mexico,18.684,18.747,2025-03-08 00:00:00
Dollar,Mexico,18.629,18.657,2025-03-09 00:00:00
Dollar,Mexico,18.535,18.572,2025-03-10 00:00:00
Dólares,Mexico,18.552,18.582,2025-03-11 00:00:00
USD,Mexico,18.714,18.782,2025-03-12 00:00:00
USD,Mexico,18.678,18.752,2025-03-13 00:00:00
Dólares,Mexico,18.509,18.570,2025-03-14 00:00:00
Dólares,Mexico,18.614,18.662,2025-03-15 00:00:00
Dólares,Mexico,18.606,18.652,2025-03-16 00:00:00
Dollar,Mexico,18.630,18.695,2025-03-17 00:00:00
Dollar,Mexico,18.559,18.598,2025-03-18 00:00:00
Dólares,Mexico,18.574,18.608,2025-03-19 00:00:00
Dollar,Mexico,18.399,18.462,2025-03-20 00:00:00
USD,Mexico,18.606,18.669,2025-03-21 00:00:00
Dollar,Mexico,18.738,18.779,2025-03-22 00:00:00
USD,Mexico,18.752,18.780,2025-03-23 00:00:00
USD,Mexico,18.833,18.891,2025-03-24 00:00:00
Dólares,Mexico,18.756,18.823,2025-03-25 00:00:00
Dólares,Mexico,18.870,18.941,2025-03-26 00:00:00
USD,Mexico,18.853,18.882,2025-03-27 00:00:00
Dólares,Mexico,18.787,18.856,2025-03-28 00:00:00
Dólares,Mexico,18.692,18.736,2025-03-29 00:00:00
Dollar,Mexico,18.735,18.788,2025-03-30 00:00:00
Dólares,Mexico,18.728,18.801,2025-03-31 00:00:00
USD,Mexico,18.902,18.945,2025-04-01 00:00:00
Dollar,Mexico,18.768,18.837,2025-04-02 00:00:00
Dólares,Mexico,18.829,18.872,2025-04-03 00:00:00
USD,Mexico,18.955,19.015,2025-04-04 00:00:00
USD,Mexico,19.245,19.316,2025-04-05 00:00:00
Dollar,Mexico,19.288,19.318,2025-04-06 00:00:00
Dólares,Mexico,19.227,19.296,2025-04-07 00:00:00
Dólares,Mexico,19.251,19.311,2025-04-08 00:00:00
Dollar,Mexico,19.415,19.453,2025-04-09 00:00:00
Dollar,Mexico,19.564,19.611,2025-04-10 00:00:00
Dólares,Mexico,19.553,19.594,2025-04-11 00:00:00
Dólares,Mexico,Sin Dato,19.745,2025-04-12 00:00:00
Dólares,Mexico,19.708,19.738,2025-04-13 00:00:00
USD,Mexico,19.810,19.835,2025-04-14 00:00:00
Dollar,Mexico,19.870,19.905,2025-04-15 00:00:00
Dollar,Mexico,19.817,19.864,2025-04-16 00:00:00
Dólares,Mexico,19.699,19.763,2025-04-17 00:00:00
Dollar,Mexico,19.855,19.895,2025-04-18 00:00:00
USD,Mexico,20.021,20.092,2025-04-19 00:00:00
Dollar,Mexico,20.076,20.134,2025-04-20 00:00:00
USD,Mexico,Sin Dato,20.116,2025-04-21 00:00:00
Dollar,Mexico,19.929,00000.000,2025-04-22 00:00:00
USD,Mexico,20.090,20.114,2025-04-23 00:00:00
Dollar,Mexico,20.119,20.153,2025-04-24 00:00:00
USD,Mexico,20.070,20.140,2025-04-25 00:00:00
USD,Mexico,20.179,20.241,2025-04-26 00:00:00
Dólares,Mexico,20.021,20.072,2025-04-27 00:00:00
Dólares,Mexico,19.916,19.938,2025-04-28 00:00:00
USD,Mexico,19.827,19.865,2025-04-29 00:00:00
USD,Mexico,19.871,19.943,2025-04-30 00:00:00
USD,Mexico,19.895,19.961,2025-05-01 00:00:00
Dollar,Mexico,19.986,20.022,2025-05-02 00:00:00
USD,Mexico,20.100,20.175,2025-05-03 00:00:00
USD,Mexico,20.205,20.232,2025-05-04 00:00:00
Dollar,Mexico,20.425,20.473,2025-05-05 00:00:00
USD,Mexico,20.558,20.612,2025-05-06 00:00:00
USD,Mexico,20.548,20.592,2025-05-07 00:00:00
Dólares,Mexico,20.471,00000.000,2025-05-08 00:00:00
USD,Mexico,20.454,20.531,2025-05-09 00:00:00
Dollar,Mexico,20.561,20.599,2025-05-10 00:00:00
USD,Mexico,20.488,20.565,2025-05-11 00:00:00
USD,Mexico,20.606,20.628,2025-05-12 00:00:00
Dollar,Mexico,20.653,20.734,2025-05-13 00:00:00
Dollar,Mexico,20.541,20.613,2025-05-14 00:00:00
Dólares,Mexico,20.692,20.730,2025-05-15 00:00:00
Dólares,Mexico,20.744,20.770,2025-05-16 00:00:00
Dollar,Mexico,Sin Dato,21.004,2025-05-17 00:00:00
USD,Mexico,20.963,21.003,2025-05-18 00:00:00
USD,Mexico,20.916,20.975,2025-05-19 00:00:00
USD,Mexico,20.779,20.846,2025-05-20 00:00:00
Dollar,Mexico,20.668,20.691,2025-05-21 00:00:00
USD,Mexico,20.759,20.836,2025-05-22 00:00:00
USD,Mexico,20.995,21.027,2025-05-23 00:00:00
Dollar,Mexico,20.962,21.033,2025-05-24 00:00:00
Dollar,Mexico,20.965,20.988,2025-05-25 00:00:00
USD,Mexico,20.973,20.998,2025-05-26 00:00:00
USD,Mexico,21.095,00000.000,2025-05-27 00:00:00
Dollar,Mexico,Sin Dato,21.027,2025-05-28 00:00:00
Dólares,Mexico,21.005,21.083,2025-05-29 00:00:00
Dollar,Mexico,21.129,21.206,2025-05-30 00:00:00
Dólares,Mexico,21.202,21.260,2025-05-31 00:00:00
USD,Mexico,20.866,20.907,2025-06-01 00:00:00
USD,Mexico,20.947,20.996,2025-06-02 00:00:00
Dólares,Mexico,20.997,21.074,2025-06-03 00:00:00
Dólares,Mexico,21.184,21.234,2025-06-04 00:00:00
Dólares,Mexico,21.385,21.444,2025-06-05 00:00:00
USD,Mexico,21.550,21.617,2025-06-06 00:00:00
Dollar,Mexico,21.579,21.607,2025-06-07 00:00:00
Dólares,Mexico,21.362,21.408,2025-06-08 00:00:00
USD,Mexico,21.622,21.706,2025-06-09 00:00:00
USD,Mexico,Sin Dato,21.671,2025-06-10 00:00:00
Dólares,Mexico,21.615,21.678,2025-06-11 00:00:00
Dollar,Mexico,21.854,21.880,2025-06-12 00:00:00
Dollar,Mexico,21.743,21.796,2025-06-13 00:00:00
USD,Mexico,21.585,21.609,2025-06-14 00:00:00
Dólares,Mexico,21.499,21.584,2025-06-15 00:00:00
Dólares,Mexico,21.431,21.473,2025-06-16 00:00:00
Dólares,Mexico,21.241,21.301,2025-06-17 00:00:00
Dólares,Mexico,21.241,21.280,2025-06-18 00:00:00
USD,Mexico,21.260,21.282,2025-06-19 00:00:00
USD,Mexico,21.074,21.096,2025-06-20 00:00:00
USD,Mexico,21.010,21.082,2025-06-21 00:00:00
USD,Mexico,20.922,00000.000,2025-06-22 00:00:00
USD,Mexico,20.676,20.754,2025-06-23 00:00:00
USD,Mexico,20.707,20.752,2025-06-24 00:00:00
Dólares,Mexico,20.742,20.770,2025-06-25 00:00:00
USD,Mexico,20.641,20.683,2025-06-26 00:00:00
Dollar,Mexico,20.770,20.821,2025-06-27 00:00:00
USD,Mexico,20.766,20.831,2025-06-28 00:00:00
USD,Mexico,20.686,20.733,2025-06-29 00:00:00
USD,Mexico,20.499,20.545,2025-06-30 00:00:00
Dollar,Mexico,20.526,20.584,2025-07-01 00:00:00
Dollar,Mexico,20.598,20.637,2025-07-02 00:00:00
USD,Mexico,20.539,20.576,2025-07-03 00:00:00
Dollar,Mexico,20.564,20.588,2025-07-04 00:00:00
Dollar,Mexico,20.761,20.789,2025-07-05 00:00:00
USD,Mexico,20.864,20.909,2025-07-06 00:00:00
USD,Mexico,20.603,20.631,2025-07-07 00:00:00
USD,Mexico,20.505,20.551,2025-07-08 00:00:00
Dólares,Mexico,20.499,20.525,2025-07-09 00:00:00
USD,Mexico,20.500,20.542,2025-07-10 00:00:00
Dólares,Mexico,20.511,20.573,2025-07-11 00:00:00
Dólares,Mexico,20.575,20.618,2025-07-12 00:00:00
USD,Mexico,20.554,20.614,2025-07-13 00:00:00
Dollar,Mexico,20.548,20.625,2025-07-14 00:00:00
Dólares,Mexico,20.672,20.737,2025-07-15 00:00:00
Dollar,Mexico,20.726,20.754,2025-07-16 00:00:00
USD,Mexico,20.587,20.608,2025-07-17 00:00:00
Dollar,Mexico,20.588,20.634,2025-07-18 00:00:00
Dollar,Mexico,20.567,20.623,2025-07-19 00:00:00
Dollar,Mexico,20.351,20.374,2025-07-20 00:00:00
Dollar,Mexico,20.362,20.403,2025-07-21 00:00:00
Dollar,Mexico,20.224,20.289,2025-07-22 00:00:00
USD,Mexico,20.343,20.406,2025-07-23 00:00:00
USD,Mexico,20.403,20.450,2025-07-24 00:00:00
Dollar,Mexico,20.261,20.300,2025-07-25 00:00:00
Dollar,Mexico,20.358,20.426,2025-07-26 00:00:00
Dollar,Mexico,20.527,20.598,2025-07-27 00:00:00
USD,Mexico,20.495,20.568,2025-07-28 00:00:00
Dólares,Mexico,20.495,20.535,2025-07-29 00:00:00
Dollar,Mexico,20.587,20.643,2025-07-30 00:00:00
Dollar,Mexico,20.744,20.809,2025-07-31 00:00:00
Dollar,Mexico,20.537,20.601,2025-08-01 00:00:00
USD,Mexico,20.411,20.458,2025-08-02 00:00:00
Dólares,Mexico,20.369,20.399,2025-08-03 00:00:00
Dollar,Mexico,20.331,20.361,2025-08-04 00:00:00
USD,Mexico,20.431,20.453,2025-08-05 00:00:00
USD,Mexico,Sin Dato,20.623,2025-08-06 00:00:00
Dollar,Mexico,20.762,20.787,2025-08-07 00:00:00
USD,Mexico,20.534,20.596,2025-08-08 00:00:00
USD,Mexico,20.437,20.494,2025-08-09 00:00:00
Dólares,Mexico,Sin Dato,20.354,2025-08-10 00:00:00
Dollar,Mexico,20.218,20.266,2025-08-11 00:00:00
USD,Mexico,20.119,20.168,2025-08-12 00:00:00
Dólares,Mexico,20.184,20.206,2025-08-13 00:00:00
Dólares,Mexico,20.239,00000.000,2025-08-14 00:00:00
USD,Mexico,20.250,20.273,2025-08-15 00:00:00
USD,Mexico,20.236,20.266,2025-08-16 00:00:00
USD,Mexico,Sin Dato,20.217,2025-08-17 00:00:00
Dólares,Mexico,20.156,20.193,2025-08-18 00:00:00
Dollar,Mexico,20.330,20.406,2025-08-19 00:00:00
Dólares,Mexico,20.424,20.482,2025-08-20 00:00:00
Dólares,Mexico,20.377,20.448,2025-08-21 00:00:00
Dólares,Mexico,20.377,20.421,2025-08-22 00:00:00
Dollar,Mexico,20.433,20.475,2025-08-23 00:00:00
Dollar,Mexico,20.280,20.334,2025-08-24 00:00:00
Dollar,Mexico,20.298,20.351,2025-08-25 00:00:00
Dollar,Mexico,20.379,00000.000,2025-08-26 00:00:00
Dólares,Mexico,20.444,20.483,2025-08-27 00:00:00
USD,Mexico,20.355,20.379,2025-08-28 00:00:00
Dólares,Mexico,20.271,20.312,2025-08-29 00:00:00
Dólares,Mexico,20.023,20.078,2025-08-30 00:00:00
USD,Mexico,20.126,20.155,2025-08-31 00:00:00
Dollar,Mexico,20.366,20.416,2025-09-01 00:00:00
USD,Mexico,20.256,20.301,2025-09-02 00:00:00
Dólares,Mexico,20.383,20.442,2025-09-03 00:00:00
USD,Mexico,20.636,20.669,2025-09-04 00:00:00
Dólares,Brasil,5.177,5.189,2024-09-04 00:00:00
USD,Brasil,5.172,5.186,2024-09-05 00:00:00
Dollar,Brasil,5.182,5.195,2024-09-06 00:00:00
USD,Brasil,5.196,5.215,2024-09-07 00:00:00
USD,Brasil,5.213,5.220,2024-09-08 00:00:00
Dollar,Brasil,Sin Dato,5.211,2024-09-09 00:00:00
USD,Brasil,5.215,5.235,2024-09-10 00:00:00
Dollar,Brasil,5.208,5.215,2024-09-11 00:00:00
Dólares,Brasil,5.219,5.232,2024-09-12 00:00:00
Dólares,Brasil,5.215,5.234,2024-09-13 00:00:00
Dollar,Brasil,5.155,5.164,2024-09-14 00:00:00
Dólares,Brasil,5.201,5.209,2024-09-15 00:00:00
USD,Brasil,5.177,5.190,2024-09-16 00:00:00
Dollar,Brasil,5.227,5.240,2024-09-17 00:00:00
Dólares,Brasil,5.261,5.282,2024-09-18 00:00:00
Dólares,Brasil,5.274,5.286,2024-09-19 00:00:00
Dollar,Brasil,5.292,5.306,2024-09-20 00:00:00
USD,Brasil,5.313,5.333,2024-09-21 00:00:00
Dollar,Brasil,5.306,5.325,2024-09-22 00:00:00
Dólares,Brasil,5.304,5.316,2024-09-23 00:00:00
Dólares,Brasil,5.325,5.340,2024-09-24 00:00:00
Dólares,Brasil,Sin Dato,5.232,2024-09-25 00:00:00
Dollar,Brasil,5.214,5.230,2024-09-26 00:00:00
USD,Brasil,5.199,5.216,2024-09-27 00:00:00
Dólares,Brasil,5.175,5.184,2024-09-28 00:00:00
Dólares,Brasil,5.189,5.200,2024-09-29 00:00:00
Dollar,Brasil,5.167,5.176,2024-09-30 00:00:00
USD,Brasil,5.193,5.213,2024-10-01 00:00:00
USD,Brasil,5.232,5.242,2024-10-02 00:00:00
Dollar,Brasil,5.253,5.259,2024-10-03 00:00:00
Dollar,Brasil,5.274,5.291,2024-10-04 00:00:00
Dólares,Brasil,5.298,5.306,2024-10-05 00:00:00
Dólares,Brasil,5.324,5.340,2024-10-06 00:00:00
USD,Brasil,5.351,5.369,2024-10-07 00:00:00
USD,Brasil,5.370,5.376,2024-10-08 00:00:00
USD,Brasil,5.407,5.420,2024-10-09 00:00:00
Dollar,Brasil,5.401,5.413,2024-10-10 00:00:00
USD,Brasil,5.376,5.382,2024-10-11 00:00:00
Dollar,Brasil,5.340,5.358,2024-10-12 00:00:00
Dólares,Brasil,5.327,5.348,2024-10-13 00:00:00
USD,Brasil,5.263,5.270,2024-10-14 00:00:00
USD,Brasil,5.268,5.281,2024-10-15 00:00:00
Dólares,Brasil,5.296,5.302,2024-10-16 00:00:00
Dollar,Brasil,5.330,5.337,2024-10-17 00:00:00
Dólares,Brasil,5.269,5.278,2024-10-18 00:00:00
USD,Brasil,5.241,5.250,2024-10-19 00:00:00
Dollar,Brasil,5.271,5.281,2024-10-20 00:00:00
Dollar,Brasil,5.262,5.275,2024-10-21 00:00:00
USD,Brasil,5.282,00000.000,2024-10-22 00:00:00
Dollar,Brasil,5.239,5.254,2024-10-23 00:00:00
Dollar,Brasil,5.293,5.300,2024-10-24 00:00:00
Dollar,Brasil,5.238,5.257,2024-10-25 00:00:00
USD,Brasil,5.130,5.144,2024-10-26 00:00:00
USD,Brasil,5.136,5.151,2024-10-27 00:00:00
Dollar,Brasil,5.147,5.155,2024-10-28 00:00:00
Dólares,Brasil,5.125,5.141,2024-10-29 00:00:00
Dólares,Brasil,5.144,5.157,2024-10-30 00:00:00
Dólares,Brasil,5.162,5.175,2024-10-31 00:00:00
USD,Brasil,5.178,5.188,2024-11-01 00:00:00
Dólares,Brasil,5.158,5.171,2024-11-02 00:00:00
Dollar,Brasil,5.132,5.147,2024-11-03 00:00:00
Dollar,Brasil,5.122,5.128,2024-11-04 00:00:00
Dólares,Brasil,5.092,5.098,2024-11-05 00:00:00
Dólares,Brasil,Sin Dato,5.142,2024-11-06 00:00:00
Dólares,Brasil,5.114,5.132,2024-11-07 00:00:00
Dollar,Brasil,5.126,5.131,2024-11-08 00:00:00
USD,Brasil,5.153,5.163,2024-11-09 00:00:00
Dollar,Brasil,5.124,5.130,2024-11-10 00:00:00
USD,Brasil,5.070,5.088,2024-11-11 00:00:00
Dólares,Brasil,5.045,5.055,2024-11-12 00:00:00
USD,Brasil,5.053,5.065,2024-11-13 00:00:00
Dólares,Brasil,5.056,5.075,2024-11-14 00:00:00
Dollar,Brasil,5.076,5.083,2024-11-15 00:00:00
Dólares,Brasil,5.068,00000.000,2024-11-16 00:00:00
Dollar,Brasil,4.982,4.997,2024-11-17 00:00:00
Dólares,Brasil,4.977,4.992,2024-11-18 00:00:00
USD,Brasil,5.009,5.028,2024-11-19 00:00:00
USD,Brasil,5.053,5.070,2024-11-20 00:00:00
Dollar,Brasil,5.060,5.070,2024-11-21 00:00:00
Dólares,Brasil,5.069,5.075,2024-11-22 00:00:00
USD,Brasil,5.091,5.097,2024-11-23 00:00:00
Dólares,Brasil,5.131,5.142,2024-11-24 00:00:00
USD,Brasil,5.131,5.143,2024-11-25 00:00:00
Dólares,Brasil,5.152,5.164,2024-11-26 00:00:00
Dollar,Brasil,5.133,5.144,2024-11-27 00:00:00
Dollar,Brasil,5.092,00000.000,2024-11-28 00:00:00
Dólares,Brasil,5.070,5.087,2024-11-29 00:00:00
USD,Brasil,5.121,5.139,2024-11-30 00:00:00
Dollar,Brasil,5.146,5.159,2024-12-01 00:00:00
Dólares,Brasil,5.102,5.121,2024-12-02 00:00:00
USD,Brasil,5.128,5.142,2024-12-03 00:00:00
Dollar,Brasil,5.092,5.102,2024-12-04 00:00:00
Dollar,Brasil,5.102,5.118,2024-12-05 00:00:00
USD,Brasil,5.073,5.083,2024-12-06 00:00:00
Dollar,Brasil,5.028,5.044,2024-12-07 00:00:00
Dólares,Brasil,5.089,5.098,2024-12-08 00:00:00
USD,Brasil,Sin Dato,5.087,2024-12-09 00:00:00
Dollar,Brasil,5.100,5.106,2024-12-10 00:00:00
USD,Brasil,5.100,5.109,2024-12-11 00:00:00
Dólares,Brasil,5.060,5.078,2024-12-12 00:00:00
Dólares,Brasil,5.055,5.067,2024-12-13 00:00:00
Dólares,Brasil,Sin Dato,5.031,2024-12-14 00:00:00
Dollar,Brasil,5.108,5.113,2024-12-15 00:00:00
USD,Brasil,5.132,5.145,2024-12-16 00:00:00
Dólares,Brasil,5.132,5.147,2024-12-17 00:00:00
USD,Brasil,5.154,00000.000,2024-12-18 00:00:00
USD,Brasil,5.178,5.191,2024-12-19 00:00:00
Dólares,Brasil,5.201,5.221,2024-12-20 00:00:00
Dólares,Brasil,5.232,5.239,2024-12-21 00:00:00
Dólares,Brasil,Sin Dato,5.262,2024-12-22 00:00:00
Dólares,Brasil,Sin Dato,5.266,2024-12-23 00:00:00
USD,Brasil,5.312,5.324,2024-12-24 00:00:00
Dollar,Brasil,5.315,5.333,2024-12-25 00:00:00
Dollar,Brasil,5.323,5.329,2024-12-26 00:00:00
Dollar,Brasil,5.323,5.341,2024-12-27 00:00:00
Dollar,Brasil,5.335,5.348,2024-12-28 00:00:00
Dollar,Brasil,5.278,5.285,2024-12-29 00:00:00
Dólares,Brasil,5.247,00000.000,2024-12-30 00:00:00
Dólares,Brasil,5.239,5.256,2024-12-31 00:00:00
Dollar,Brasil,5.181,5.193,2025-01-01 00:00:00
Dollar,Brasil,5.178,5.198,2025-01-02 00:00:00
Dollar,Brasil,5.193,5.199,2025-01-03 00:00:00
Dólares,Brasil,5.146,5.154,2025-01-04 00:00:00
USD,Brasil,5.124,5.132,2025-01-05 00:00:00
Dólares,Brasil,5.167,5.181,2025-01-06 00:00:00
USD,Brasil,5.190,5.198,2025-01-07 00:00:00
Dollar,Brasil,5.207,5.218,2025-01-08 00:00:00
Dollar,Brasil,5.246,5.262,2025-01-09 00:00:00
Dólares,Brasil,5.214,5.234,2025-01-10 00:00:00
Dólares,Brasil,5.173,5.183,2025-01-11 00:00:00
Dollar,Brasil,5.206,5.222,2025-01-12 00:00:00
Dólares,Brasil,5.208,5.214,2025-01-13 00:00:00
Dólares,Brasil,5.177,5.184,2025-01-14 00:00:00
USD,Brasil,5.246,5.267,2025-01-15 00:00:00
Dólares,Brasil,5.191,5.204,2025-01-16 00:00:00
USD,Brasil,5.196,5.212,2025-01-17 00:00:00
Dólares,Brasil,5.188,5.206,2025-01-18 00:00:00
Dólares,Brasil,5.178,5.190,2025-01-19 00:00:00
Dollar,Brasil,5.101,5.107,2025-01-20 00:00:00
Dollar,Brasil,5.155,5.162,2025-01-21 00:00:00
Dólares,Brasil,5.104,5.110,2025-01-22 00:00:00
USD,Brasil,5.089,5.107,2025-01-23 00:00:00
USD,Brasil,5.072,5.092,2025-01-24 00:00:00
Dollar,Brasil,5.099,5.107,2025-01-25 00:00:00
USD,Brasil,5.040,5.052,2025-01-26 00:00:00
Dollar,Brasil,5.055,5.069,2025-01-27 00:00:00
Dollar,Brasil,5.059,5.079,2025-01-28 00:00:00
USD,Brasil,5.042,5.050,2025-01-29 00:00:00
Dólares,Brasil,5.052,5.069,2025-01-30 00:00:00
USD,Brasil,5.058,5.065,2025-01-31 00:00:00
USD,Brasil,Sin Dato,5.130,2025-02-01 00:00:00
USD,Brasil,5.111,5.126,2025-02-02 00:00:00
Dollar,Brasil,5.077,5.091,2025-02-03 00:00:00
Dollar,Brasil,5.093,5.109,2025-02-04 00:00:00
Dólares,Brasil,Sin Dato,5.092,2025-02-05 00:00:00
Dollar,Brasil,5.085,00000.000,2025-02-06 00:00:00
USD,Brasil,5.040,5.050,2025-02-07 00:00:00
USD,Brasil,5.058,5.076,2025-02-08 00:00:00
Dollar,Brasil,5.044,5.056,2025-02-09 00:00:00
Dólares,Brasil,5.057,5.062,2025-02-10 00:00:00
USD,Brasil,5.130,5.137,2025-02-11 00:00:00
Dólares,Brasil,5.120,5.130,2025-02-12 00:00:00
Dollar,Brasil,5.141,5.162,2025-02-13 00:00:00
Dollar,Brasil,5.142,5.148,2025-02-14 00:00:00
USD,Brasil,5.116,5.127,2025-02-15 00:00:00
Dollar,Brasil,5.161,5.177,2025-02-16 00:00:00
USD,Brasil,Sin Dato,5.110,2025-02-17 00:00:00
Dólares,Brasil,5.133,00000.000,2025-02-18 00:00:00
Dólares,Brasil,5.059,5.074,2025-02-19 00:00:00
Dólares,Brasil,5.094,5.103,2025-02-20 00:00:00
USD,Brasil,5.095,5.103,2025-02-21 00:00:00
USD,Brasil,5.062,5.068,2025-02-22 00:00:00
Dólares,Brasil,5.041,00000.000,2025-02-23 00:00:00
USD,Brasil,5.068,5.081,2025-02-24 00:00:00
USD,Brasil,5.138,5.151,2025-02-25 00:00:00
USD,Brasil,5.080,5.097,2025-02-26 00:00:00
Dólares,Brasil,5.047,5.066,2025-02-27 00:00:00
Dólares,Brasil,5.000,5.019,2025-02-28 00:00:00
USD,Brasil,4.994,5.011,2025-03-01 00:00:00
Dollar,Brasil,5.029,5.041,2025-03-02 00:00:00
USD,Brasil,4.977,4.991,2025-03-03 00:00:00
Dólares,Brasil,4.979,4.987,2025-03-04 00:00:00
Dollar,Brasil,5.010,5.018,2025-03-05 00:00:00
Dollar,Brasil,4.997,5.003,2025-03-06 00:00:00
Dollar,Brasil,4.900,4.917,2025-03-07 00:00:00
Dólares,Brasil,4.907,00000.000,2025-03-08 00:00:00
Dólares,Brasil,4.950,4.966,2025-03-09 00:00:00
USD,Brasil,4.913,4.928,2025-03-10 00:00:00
Dólares,Brasil,4.854,4.865,2025-03-11 00:00:00
USD,Brasil,4.867,4.873,2025-03-12 00:00:00
Dollar,Brasil,4.880,4.884,2025-03-13 00:00:00
USD,Brasil,4.860,4.871,2025-03-14 00:00:00
Dollar,Brasil,4.833,4.852,2025-03-15 00:00:00
Dólares,Brasil,4.839,4.848,2025-03-16 00:00:00
USD,Brasil,4.803,4.811,2025-03-17 00:00:00
Dólares,Brasil,Sin Dato,4.773,2025-03-18 00:00:00
Dollar,Brasil,4.785,4.801,2025-03-19 00:00:00
Dólares,Brasil,4.746,4.763,2025-03-20 00:00:00
USD,Brasil,4.692,4.701,2025-03-21 00:00:00
Dollar,Brasil,4.667,4.682,2025-03-22 00:00:00
Dollar,Brasil,4.654,4.664,2025-03-23 00:00:00
USD,Brasil,4.666,4.683,2025-03-24 00:00:00
USD,Brasil,4.648,4.661,2025-03-25 00:00:00
USD,Brasil,4.694,4.708,2025-03-26 00:00:00
Dólares,Brasil,4.697,4.711,2025-03-27 00:00:00
Dollar,Brasil,4.674,4.681,2025-03-28 00:00:00
Dólares,Brasil,4.682,4.700,2025-03-29 00:00:00
USD,Brasil,4.734,4.740,2025-03-30 00:00:00
Dollar,Brasil,4.754,4.763,2025-03-31 00:00:00
Dólares,Brasil,4.701,4.716,2025-04-01 00:00:00
Dólares,Brasil,4.690,4.702,2025-04-02 00:00:00
Dólares,Brasil,4.698,4.710,2025-04-03 00:00:00
Dólares,Brasil,4.716,4.732,2025-04-04 00:00:00
Dólares,Brasil,4.711,4.725,2025-04-05 00:00:00
Dólares,Brasil,4.699,4.716,2025-04-06 00:00:00
Dólares,Brasil,4.759,4.774,2025-04-07 00:00:00
Dólares,Brasil,4.785,4.793,2025-04-08 00:00:00
USD,Brasil,4.795,4.811,2025-04-09 00:00:00
Dollar,Brasil,4.780,4.789,2025-04-10 00:00:00
USD,Brasil,4.738,4.757,2025-04-11 00:00:00
Dollar,Brasil,4.754,4.770,2025-04-12 00:00:00
USD,Brasil,4.782,4.794,2025-04-13 00:00:00
USD,Brasil,4.783,4.793,2025-04-14 00:00:00
Dólares,Brasil,4.807,4.814,2025-04-15 00:00:00
Dollar,Brasil,4.828,4.839,2025-04-16 00:00:00
Dólares,Brasil,4.860,4.865,2025-04-17 00:00:00
Dollar,Brasil,4.803,4.818,2025-04-18 00:00:00
USD,Brasil,Sin Dato,4.807,2025-04-19 00:00:00
Dólares,Brasil,4.813,4.818,2025-04-20 00:00:00
USD,Brasil,4.811,4.823,2025-04-21 00:00:00
Dollar,Brasil,4.837,4.845,2025-04-22 00:00:00
USD,Brasil,4.847,4.863,2025-04-23 00:00:00
Dólares,Brasil,4.779,4.785,2025-04-24 00:00:00
Dollar,Brasil,4.810,4.827,2025-04-25 00:00:00
Dólares,Brasil,4.798,4.807,2025-04-26 00:00:00
Dólares,Brasil,4.765,4.782,2025-04-27 00:00:00
Dólares,Brasil,4.805,4.813,2025-04-28 00:00:00
USD,Brasil,4.823,4.837,2025-04-29 00:00:00
Dólares,Brasil,4.862,4.880,2025-04-30 00:00:00
Dólares,Brasil,4.877,4.882,2025-05-01 00:00:00
Dollar,Brasil,4.860,4.873,2025-05-02 00:00:00
USD,Brasil,4.867,4.876,2025-05-03 00:00:00
Dollar,Brasil,4.830,4.844,2025-05-04 00:00:00
Dólares,Brasil,4.786,4.796,2025-05-05 00:00:00
Dollar,Brasil,4.767,4.773,2025-05-06 00:00:00
Dólares,Brasil,4.813,4.829,2025-05-07 00:00:00
Dólares,Brasil,4.796,4.810,2025-05-08 00:00:00
Dollar,Brasil,4.741,4.750,2025-05-09 00:00:00
Dólares,Brasil,4.731,4.749,2025-05-10 00:00:00
Dólares,Brasil,4.715,4.729,2025-05-11 00:00:00
USD,Brasil,4.755,4.763,2025-05-12 00:00:00
Dólares,Brasil,4.802,4.813,2025-05-13 00:00:00
Dollar,Brasil,4.789,4.798,2025-05-14 00:00:00
Dólares,Brasil,4.798,4.807,2025-05-15 00:00:00
Dollar,Brasil,4.811,4.817,2025-05-16 00:00:00
USD,Brasil,4.806,4.818,2025-05-17 00:00:00
Dólares,Brasil,4.797,4.812,2025-05-18 00:00:00
Dólares,Brasil,4.766,4.781,2025-05-19 00:00:00
Dólares,Brasil,4.706,4.717,2025-05-20 00:00:00
Dólares,Brasil,4.677,4.685,2025-05-21 00:00:00
Dólares,Brasil,4.674,4.682,2025-05-22 00:00:00
USD,Brasil,4.626,4.635,2025-05-23 00:00:00
Dollar,Brasil,4.631,4.644,2025-05-24 00:00:00
Dólares,Brasil,4.637,4.642,2025-05-25 00:00:00
Dólares,Brasil,4.615,4.628,2025-05-26 00:00:00
Dólares,Brasil,4.606,4.620,2025-05-27 00:00:00
USD,Brasil,4.569,4.574,2025-05-28 00:00:00
USD,Brasil,4.589,00000.000,2025-05-29 00:00:00
Dollar,Brasil,4.617,4.631,2025-05-30 00:00:00
Dollar,Brasil,4.580,4.593,2025-05-31 00:00:00
USD,Brasil,4.544,4.557,2025-06-01 00:00:00
Dólares,Brasil,4.513,4.529,2025-06-02 00:00:00
USD,Brasil,Sin Dato,4.542,2025-06-03 00:00:00
Dólares,Brasil,4.543,4.556,2025-06-04 00:00:00
Dólares,Brasil,4.578,4.588,2025-06-05 00:00:00
Dólares,Brasil,4.618,4.623,2025-06-06 00:00:00
Dollar,Brasil,4.566,4.576,2025-06-07 00:00:00
Dólares,Brasil,4.579,4.596,2025-06-08 00:00:00
USD,Brasil,4.620,4.627,2025-06-09 00:00:00
Dollar,Brasil,4.606,4.620,2025-06-10 00:00:00
Dólares,Brasil,4.609,4.615,2025-06-11 00:00:00
Dólares,Brasil,4.599,4.614,2025-06-12 00:00:00
Dólares,Brasil,4.598,4.606,2025-06-13 00:00:00
USD,Brasil,4.623,4.634,2025-06-14 00:00:00
USD,Brasil,4.679,4.692,2025-06-15 00:00:00
USD,Brasil,4.727,4.735,2025-06-16 00:00:00
USD,Brasil,4.710,4.718,2025-06-17 00:00:00
USD,Brasil,4.714,4.731,2025-06-18 00:00:00
USD,Brasil,4.693,4.701,2025-06-19 00:00:00
Dólares,Brasil,Sin Dato,4.678,2025-06-20 00:00:00
Dólares,Brasil,4.664,4.679,2025-06-21 00:00:00
Dólares,Brasil,4.642,4.655,2025-06-22 00:00:00
Dólares,Brasil,4.621,4.639,2025-06-23 00:00:00
USD,Brasil,4.629,4.646,2025-06-24 00:00:00
USD,Brasil,4.645,4.662,2025-06-25 00:00:00
USD,Brasil,4.663,4.675,2025-06-26 00:00:00
Dólares,Brasil,4.677,4.692,2025-06-27 00:00:00
USD,Brasil,4.637,4.652,2025-06-28 00:00:00
Dollar,Brasil,4.614,4.624,2025-06-29 00:00:00
Dólares,Brasil,4.612,4.629,2025-06-30 00:00:00
Dollar,Brasil,Sin Dato,4.660,2025-07-01 00:00:00
Dólares,Brasil,4.727,4.737,2025-07-02 00:00:00
Dollar,Brasil,4.734,4.750,2025-07-03 00:00:00
USD,Brasil,4.761,4.772,2025-07-04 00:00:00
Dollar,Brasil,4.714,4.729,2025-07-05 00:00:00
Dollar,Brasil,Sin Dato,4.750,2025-07-06 00:00:00
Dollar,Brasil,4.802,4.820,2025-07-07 00:00:00
USD,Brasil,4.782,4.788,2025-07-08 00:00:00
USD,Brasil,4.761,4.772,2025-07-09 00:00:00
Dólares,Brasil,4.793,4.798,2025-07-10 00:00:00
USD,Brasil,4.793,4.799,2025-07-11 00:00:00
Dólares,Brasil,4.726,4.737,2025-07-12 00:00:00
Dólares,Brasil,4.708,4.722,2025-07-13 00:00:00
Dólares,Brasil,4.759,4.767,2025-07-14 00:00:00
USD,Brasil,4.751,4.757,2025-07-15 00:00:00
Dollar,Brasil,4.741,4.748,2025-07-16 00:00:00
USD,Brasil,4.762,4.779,2025-07-17 00:00:00
Dólares,Brasil,4.775,4.789,2025-07-18 00:00:00
Dollar,Brasil,4.766,4.775,2025-07-19 00:00:00
Dollar,Brasil,4.746,4.755,2025-07-20 00:00:00
Dólares,Brasil,4.843,00000.000,2025-07-21 00:00:00
Dólares,Brasil,4.886,00000.000,2025-07-22 00:00:00
Dólares,Brasil,4.902,4.912,2025-07-23 00:00:00
Dollar,Brasil,4.917,4.935,2025-07-24 00:00:00
Dólares,Brasil,4.917,4.927,2025-07-25 00:00:00
Dollar,Brasil,4.927,4.939,2025-07-26 00:00:00
USD,Brasil,4.918,4.932,2025-07-27 00:00:00
USD,Brasil,4.890,4.902,2025-07-28 00:00:00
Dólares,Brasil,4.901,4.916,2025-07-29 00:00:00
Dollar,Brasil,4.889,4.906,2025-07-30 00:00:00
Dólares,Brasil,4.906,4.918,2025-07-31 00:00:00
USD,Brasil,4.926,4.940,2025-08-01 00:00:00
USD,Brasil,4.945,4.953,2025-08-02 00:00:00
Dollar,Brasil,4.909,4.925,2025-08-03 00:00:00
Dollar,Brasil,4.899,4.906,2025-08-04 00:00:00
Dólares,Brasil,4.890,4.895,2025-08-05 00:00:00
Dólares,Brasil,4.920,4.932,2025-08-06 00:00:00
USD,Brasil,4.954,4.961,2025-08-07 00:00:00
USD,Brasil,4.930,4.936,2025-08-08 00:00:00
Dólares,Brasil,4.885,4.894,2025-08-09 00:00:00
Dólares,Brasil,4.968,4.977,2025-08-10 00:00:00
Dollar,Brasil,4.985,4.991,2025-08-11 00:00:00
USD,Brasil,4.935,4.944,2025-08-12 00:00:00
Dollar,Brasil,4.911,4.930,2025-08-13 00:00:00
USD,Brasil,4.950,4.961,2025-08-14 00:00:00
USD,Brasil,5.022,5.033,2025-08-15 00:00:00
Dólares,Brasil,5.086,5.101,2025-08-16 00:00:00
USD,Brasil,5.104,5.111,2025-08-17 00:00:00
Dollar,Brasil,5.004,5.022,2025-08-18 00:00:00
Dollar,Brasil,5.006,5.021,2025-08-19 00:00:00
Dólares,Brasil,4.971,4.985,2025-08-20 00:00:00
Dollar,Brasil,4.977,4.984,2025-08-21 00:00:00
Dollar,Brasil,4.942,4.957,2025-08-22 00:00:00
Dollar,Brasil,4.931,4.939,2025-08-23 00:00:00
Dólares,Brasil,4.961,4.969,2025-08-24 00:00:00
USD,Brasil,4.951,4.963,2025-08-25 00:00:00
Dólares,Brasil,4.938,4.955,2025-08-26 00:00:00
USD,Brasil,4.942,4.948,2025-08-27 00:00:00
Dólares,Brasil,5.028,5.043,2025-08-28 00:00:00
Dollar,Brasil,Sin Dato,5.004,2025-08-29 00:00:00
USD,Brasil,4.997,5.015,2025-08-30 00:00:00
Dólares,Brasil,5.059,5.076,2025-08-31 00:00:00
Dollar,Brasil,5.061,5.071,2025-09-01 00:00:00
Dólares,Brasil,5.101,5.118,2025-09-02 00:00:00
Dollar,Brasil,5.053,5.071,2025-09-03 00:00:00
Dollar,Brasil,5.046,5.064,2025-09-04 00:00:00
